1.0;CHOLERA;false
2.0;TYPHOID AND PARATYPHOID FEVERS;false
3.0;OTHER SALMONELLA INFECTIONS;false
4.0;SHIGELLOSIS;false
5.0;OTHER FOOD POISONING;false
6.0;AMEBIASIS;false
7.0;OTHER PROTOZOAL INTESTINAL DISEASES;false
8.0;INTESTINAL INFS DUE OTH ORGANISMS;false
9.0;ILL-DEFINED INTESTINAL INFECTIONS;false
10.0;PRIMARY TUBERCULOUS INFECTION;false
11.0;PULMONARY TUBERCULOSIS;false
12.0;OTHER RESPIRATORY TUBERCULOSIS;false
13.0;TB MENINGES&CNTRL NERV SYS;false
14.0;TB INTEST PERITON&MESENTERIC GLANDS;false
15.0;TUBERCULOSIS OF BONES AND JOINTS;false
16.0;TUBERCULOSIS GENITOURINARY SYSTEM;false
17.0;TUBERCULOSIS OF OTHER ORGANS;false
18.0;MILIARY TUBERCULOSIS;false
20.0;PLAGUE;false
21.0;TULAREMIA;false
22.0;ANTHRAX;false
23.0;BRUCELLOSIS;false
26.0;RAT-BITE FEVER;false
27.0;OTHER ZOONOTIC BACTERIAL DISEASES;false
30.0;LEPROSY;false
31.0;DISEASES DUE TO OTHER MYCOBACTERIA;false
32.0;DIPHTHERIA;false
33.0;WHOOPING COUGH;false
34.0;STREP SORE THROAT&SCARLET FEVER;false
36.0;MENINGOCOCCAL INFECTION;false
38.0;SEPTICEMIA;false
39.0;ACTINOMYCOTIC INFECTIONS;false
40.0;OTHER BACTERIAL DISEASES;false
41.0;BACTERIAL INFECTION CCE & UNS SITE;false
45.0;ACUTE POLIOMYELITIS;false
46.0;SLOW VIRUS INFECTION CNTRL NERV SYS;false
47.0;MENINGITIS DUE TO ENTEROVIRUS;false
49.0;OTH NON-ARTHROPOD BORNE VIRL DX-CNS;false
50.0;SMALLPOX;false
51.0;COWPOX AND PARAVACCINIA;false
52.0;CHICKENPOX;false
53.0;HERPES ZOSTER;false
54.0;HERPES SIMPLEX;false
55.0;MEASLES;false
56.0;RUBELLA;false
57.0;OTHER VIRAL EXANTHEMATA;false
58.0;OTHER HUMAN HERPESVIRUS;false
60.0;YELLOW FEVER;false
62.0;MOSQUITO-BORNE VIRAL ENCEPHALITIS;false
63.0;TICK-BORNE VIRAL ENCEPHALITIS;false
65.0;ARTHROPOD-BORNE HEMORRHAGIC FEVER;false
66.0;OTH ARTHROPOD-BORNE VIRAL DISEASES;false
70.0;VIRAL HEPATITIS;false
72.0;MUMPS;false
73.0;ORNITHOSIS;false
74.0;SPECIFIC DZ DUE COXSACKIEVIRUS;false
76.0;TRACHOMA;false
77.0;OTH DZ CONJUNCT-VIRUSES&CHLAMYDIAE;false
78.0;OTH DISEASES DUE VIRUSES&CHLAMYDIAE;false
79.0;VIRAL&CHLAMYDIAL INF CCE & UNS SITE;false
81.0;OTHER TYPHUS;false
82.0;TICK-BORNE RICKETTSIOSES;false
83.0;OTHER RICKETTSIOSES;false
84.0;MALARIA;false
85.0;LEISHMANIASIS;false
86.0;TRYPANOSOMIASIS;false
87.0;RELAPSING FEVER;false
88.0;OTHER ARTHROPOD-BORNE DISEASES;false
90.0;CONGENITAL SYPHILIS;false
91.0;"EARLY SYPHILIS, SYMPTOMATIC";false
92.0;"EARLY SYPHILIS, LATENT";false
93.0;CARDIOVASCULAR SYPHILIS;false
94.0;NEUROSYPHILIS;false
95.0;OTH FORMS LATE SYPHILIS W/SYMPTOMS;false
97.0;OTHER AND UNSPECIFIED SYPHILIS;false
98.0;GONOCOCCAL INFECTIONS;false
99.0;OTHER VENEREAL DISEASES;false
100.0;LEPTOSPIROSIS;false
102.0;YAWS;false
103.0;PINTA;false
104.0;OTHER SPIROCHETAL INFECTION;false
110.0;DERMATOPHYTOSIS;false
111.0;DERMATOMYCOSIS OTHER&UNSPECIFIED;false
112.0;CANDIDIASIS;false
114.0;COCCIDIOIDOMYCOSIS;false
115.0;HISTOPLASMOSIS;false
116.0;BLASTOMYCOTIC INFECTION;false
117.0;OTHER MYCOSES;false
120.0;SCHISTOSOMIASIS;false
121.0;OTHER TREMATODE INFECTIONS;false
122.0;ECHINOCOCCOSIS;false
123.0;OTHER CESTODE INFECTION;false
125.0;FILARIAL INFECTION AND DRACONTIASIS;false
126.0;ANCYLOSTOMIASIS AND NECATORIASIS;false
127.0;OTHER INTESTINAL HELMINTHIASES;false
128.0;OTHER AND UNSPECIFIED HELMINTHIASES;false
130.0;TOXOPLASMOSIS;false
131.0;TRICHOMONIASIS;false
132.0;PEDICULOSIS&PHTHIRUS INFESTATION;false
133.0;ACARIASIS;false
134.0;OTHER INFESTATION;false
136.0;OTH&UNSPEC INFECTIOUS&PARASITIC DZ;false
137.0;LATE EFFECTS OF TUBERCULOSIS;false
139.0;LATE EFF OTH INF&PARASITIC DZ;false
140.0;MALIGNANT NEOPLASM OF LIP;false
141.0;MALIGNANT NEOPLASM OF TONGUE;false
142.0;MALIG NEOPLASM MAJOR SALIV GLANDS;false
143.0;MALIGNANT NEOPLASM OF GUM;false
144.0;MALIGNANT NEOPLASM FLOOR MOUTH;false
145.0;MALIG NEOPLSM OTH&UNSPEC PART MOUTH;false
146.0;MALIGNANT NEOPLASM OF OROPHARYNX;false
147.0;MALIGNANT NEOPLASM OF NASOPHARYNX;false
148.0;MALIGNANT NEOPLASM OF HYPOPHARYNX;false
149.0;OTH MALIG NEO LIP-MOUTH-PHARYNX;false
150.0;MALIGNANT NEOPLASM OF ESOPHAGUS;false
151.0;MALIGNANT NEOPLASM OF STOMACH;false
152.0;MALIG NEOPLSM SM INTEST INCL DUODUM;false
153.0;MALIGNANT NEOPLASM OF COLON;false
154.0;MAL NEO RECT RECTOSIGMOID JUNC&ANUS;false
155.0;MALIG NEOPLASM LIVER&INTRAHEP BDS;false
156.0;MALIG NEOPLSM GALLBLADD&XTRAHEP BDS;false
157.0;MALIGNANT NEOPLASM OF PANCREAS;false
158.0;MALIG NEOPLASM RETROPERITON&PERITON;false
159.0;MAL NEO DIGES ORGANS&PANCREAS OTH;false
160.0;MAL NEO NASL CAV/MID EAR&ACSS SINUS;false
161.0;MALIGNANT NEOPLASM OF LARYNX;false
162.0;MALIG NEOPLASM TRACH BRONCHUS&LUNG;false
163.0;MALIGNANT NEOPLASM OF PLEURA;false
164.0;MALIG NEOPLASM THYMUS HEART&MEDIAST;false
165.0;MAL NEO RESP&THOR ORGANS OTH;false
170.0;MALIG NEOPLASM BONE&ARTICLR CART;false
171.0;MALIG NEOPLSM CNCTV&OTH SOFT TISSUE;false
172.0;MALIGNANT MELANOMA OF SKIN;false
173.0;OTHER MALIGNANT NEOPLASM OF SKIN;false
174.0;MALIGNANT NEOPLASM OF FEMALE BREAST;false
175.0;MALIGNANT NEOPLASM OF MALE BREAST;false
176.0;KAPOSIS SARCOMA;false
180.0;MALIGNANT NEOPLASM OF CERVIX UTERI;false
182.0;MALIGNANT NEOPLASM BODY UTERUS;false
183.0;MALIG NEOPLSM OVRY&OTH UTERN ADNEXA;false
184.0;MALIG NEOPLSM OTH&UNS FE GENIT ORGN;false
186.0;MALIGNANT NEOPLASM OF TESTIS;false
187.0;MAL NEOPLSM PENIS&OTH MALE GNT ORGN;false
188.0;MALIGNANT NEOPLASM OF BLADDER;false
189.0;MAL NEO KIDNEY&OTH&UNS URIN ORGN;false
190.0;MALIGNANT NEOPLASM OF EYE;false
191.0;MALIGNANT NEOPLASM OF BRAIN;false
192.0;MALIG NEOPLSM OTH&UNS PART NERV SYS;false
194.0;MAL NEO OTH ENDOCRN GLND&REL STRCT;false
195.0;MALIG NEOPLASM OTH&ILL-DEFIND SITES;false
196.0;SEC&UNSPEC MALIG NEOPLASM NODES;false
197.0;SEC MALIG NEOPLASM RESP&DIGESTV SYS;false
198.0;SEC MALIG NEOPLASM OTHER SPEC SITES;false
199.0;MALIG NEOPLASM WITHOUT SPEC SITE;false
200.0;LYMPH&RETIC&OTH LYMPH MALIG TUMOR;false
201.0;HODGKINS DISEASE;false
202.0;OTH MAL NEO LYMPHOID&HISTCYT TISS;false
203.0;MX MYELOMA&IMMUNOPROLIFERAT NEOPLSM;false
204.0;LYMPHOID LEUKEMIA;false
205.0;MYELOID LEUKEMIA;false
206.0;MONOCYTIC LEUKEMIA;false
207.0;OTHER SPECIFIED LEUKEMIA;false
208.0;LEUKEMIA OF UNSPECIFIED CELL TYPE;false
210.0;BEN NEOPLASM LIP ORAL CAV&PHARYNX;false
211.0;BEN NEOPLSM OTH PART DIGESTV SYSTEM;false
212.0;BEN NEOPLASM RESP&INTRATHOR ORGN;false
213.0;BEN NEOPLASM BONE&ARTICLR CARTILAGE;false
214.0;LIPOMA;false
215.0;OTH BEN NEOPLSM CNCTV&OTH SFT TISS;false
216.0;BENIGN NEOPLASM OF SKIN;false
218.0;UTERINE LEIOMYOMA;false
219.0;OTHER BENIGN NEOPLASM OF UTERUS;false
221.0;BEN NEOPLASM OTH FE GENITAL ORGANS;false
222.0;BENIGN NEOPLASM MALE GENITAL ORGANS;false
223.0;BEN NEOPLASM KIDNEY&OTH URIN ORGN;false
224.0;BENIGN NEOPLASM OF EYE;false
225.0;BEN NEOPLSM BRAIN&OTH PART NERV SYS;false
227.0;BEN NEO OTH ENDOCRN GLND&REL STRCT;false
228.0;HEMANGIOMA&LYMPHANGIOMA ANY SITE;false
229.0;BENIGN NEOPLASM OTHER&UNSPEC SITES;false
230.0;CARCINOMA SITU OF DIGESTIVE ORGANS;false
231.0;CARCINOMA SITU RESPIRATORY SYSTEM;false
232.0;CARCINOMA IN SITU OF SKIN;false
233.0;CA SITU BREAST&GENITOURINARY SYSTEM;false
234.0;CARCINOMA SITU OTHER&UNSPEC SITES;false
235.0;NEOPLSM UNCERT BHV DIGESTV&RESP SYS;false
236.0;NEOPLASM UNCERTAIN BEHAVIOR GU ORGN;false
237.0;NEO UNCERT BHV ENDOCRN GLND&NRV SYS;false
238.0;NEO UNCERT BHV OTH&UNS SITE&TISS;false
239.0;NEOPLASMS OF UNSPECIFIED NATURE;false
240.0;SIMPLE AND UNSPECIFIED GOITER;false
241.0;NONTOXIC NODULAR GOITER;false
242.0;THYROTOXICOSIS W/WO GOITER;false
244.0;ACQUIRED HYPOTHYROIDISM;false
245.0;THYROIDITIS;false
246.0;OTHER DISORDERS OF THYROID;false
250.0;DIABETES MELLITUS;false
251.0;OTH D/O PANCREATIC INTRL SECRETION;false
252.0;DISORDERS OF PARATHYROID GLAND;false
253.0;D/OS PITUITARY&HYPOTHALAMIC CONTROL;false
254.0;DISEASES OF THYMUS GLAND;false
255.0;DISORDERS OF ADRENAL GLANDS;false
256.0;OVARIAN DYSFUNCTION;false
257.0;TESTICULAR DYSFUNCTION;false
258.0;POLYGLANDULAR DYSF&RELATED D/O;false
259.0;OTHER ENDOCRINE DISORDERS;false
263.0;OTH&UNSPEC PROTEIN-CALORIE MLNUTRIT;false
264.0;VITAMIN A DEFICIENCY;false
265.0;THIAMINE&NIACIN DEFICIENCY STATES;false
266.0;DEFICIENCY OF B-COMPLEX COMPONENTS;false
268.0;VITAMIN D DEFICIENCY;false
269.0;OTHER NUTRITIONAL DEFICIENCIES;false
270.0;D/O AMINO-ACID TRANSPORT&METABOLISM;false
271.0;D/O CARBOHYDRATE TRANSPORT&METAB;false
272.0;DISORDERS OF LIPOID METABOLISM;false
273.0;DISORDERS PLASMA PROTEIN METABOLISM;false
274.0;GOUT;false
275.0;DISORDERS OF MINERAL METABOLISM;false
276.0;D/O FL ELECLYTE&ACID-BASE BALANCE;false
277.0;OTHER&UNSPEC DISORDERS METABOLISM;false
278.0;OVRWT OBES & OTH HYPERALIMENTATION;false
279.0;D/O INVOLVING IMMUNE MECHANISM;false
280.0;IRON DEFICIENCY ANEMIAS;false
281.0;OTHER DEFICIENCY ANEMIAS;false
282.0;HEREDITARY HEMOLYTIC ANEMIAS;false
283.0;ACQUIRED HEMOLYTIC ANEMIAS;false
284.0;APLASTIC ANEMIA & OTH BM FAIL SYN;false
285.0;OTHER AND UNSPECIFIED ANEMIAS;false
286.0;COAGULATION DEFECTS;false
287.0;PURPURA&OTHER HEMORRHAGIC CONDS;false
288.0;DISEASES OF WHITE BLOOD CELLS;false
289.0;OTH DISEASES BLD&BLD-FORMING ORGANS;false
290.0;DEMENTIAS;false
291.0;ALCOHOL-INDUCED MENTAL DISORDERS;false
292.0;DRUG-INDUCED MENTAL DISORDERS;false
293.0;TRANSIENT MENTL D/O-COND CLASS ELSW;false
294.0;PERSISTNT MENTL D/O COND CLASS ELSW;false
295.0;SCHIZOPHRENIC DISORDERS;false
296.0;EPISODIC MOOD DISORDERS;false
297.0;DELUSIONAL DISORDERS;false
298.0;OTHER NONORGANIC PSYCHOSES;false
299.0;PERVASIVE DEVELOPMENTAL DISORDERS;false
300.0;ANXIETY DISSOCIATIVE&SOMATOFORM D/O;false
301.0;PERSONALITY DISORDERS;false
302.0;SEXUAL & GENDER IDENTITY DISORDERS;false
303.0;ALCOHOL DEPENDENCE SYNDROME;false
304.0;DRUG DEPENDENCE;false
305.0;NONDEPENDENT ABUSE OF DRUGS;false
306.0;PHYSIOLOG MALFUNCT ARISE MENTL FCT;false
307.0;SPECIAL SYMPTOMS OR SYNDROMES NEC;false
308.0;ACUTE REACTION TO STRESS;false
309.0;ADJUSTMENT REACTION;false
310.0;SPEC NONPSYCHOT MNTL D/O BRAIN DAMG;false
312.0;DISTURBANCE OF CONDUCT NEC;false
313.0;DSTUR EMOTS SPEC CHLD&ADOLESCENCE;false
314.0;HYPERKINETIC SYNDROME OF CHILDHOOD;false
315.0;SPECIFIC DELAYS IN DEVELOPMENT;false
318.0;OTHER SPECIFIED MENTAL RETARDATION;false
320.0;BACTERIAL MENINGITIS;false
321.0;MENINGITIS DUE TO OTHER ORGANISMS;false
322.0;MENINGITIS OF UNSPECIFIED CAUSE;false
323.0;ENCEPHALIT MYELITIS&ENCEPHALOMYELIT;false
324.0;INTRACRANIAL&INTRASPINAL ABSCESS;false
327.0;ORGANIC SLEEP DISORDERS;false
330.0;CERBRL DEGENS USUALLY MANIFEST CHLD;false
331.0;OTHER CEREBRAL DEGENERATIONS;false
332.0;PARKINSONS DISEASE;false
333.0;OTH XTRAPYRAMIDAL DZ&ABN MOVMNT D/O;false
334.0;SPINOCEREBELLAR DISEASE;false
335.0;ANTERIOR HORN CELL DISEASE;false
336.0;OTHER DISEASES OF SPINAL CORD;false
337.0;DISORDERS AUTONOMIC NERVOUS SYSTEM;false
338.0;PAIN NOT ELSEWHERE CLASSIFIED;false
341.0;OTH DEMYELINATING DZ CNTRL NERV SYS;false
342.0;HEMIPLEGIA AND HEMIPARESIS;false
343.0;INFANTILE CEREBRAL PALSY;false
344.0;OTHER PARALYTIC SYNDROMES;false
345.0;EPILEPSY AND RECURRENT SEIZURES;false
346.0;MIGRAINE;false
347.0;CATAPLEXY AND NARCOLEPSY;false
348.0;OTHER CONDITIONS OF BRAIN;false
349.0;OTH&UNSPEC DISORDERS NERVOUS SYSTEM;false
350.0;TRIGEMINAL NERVE DISORDERS;false
351.0;FACIAL NERVE DISORDERS;false
352.0;DISORDERS OF OTHER CRANIAL NERVES;false
353.0;NERVE ROOT AND PLEXUS DISORDERS;false
354.0;MONONEURITIS UPPER LIMB;false
355.0;MONONEURITIS LOWER LIMB&UNSPEC SITE;false
356.0;HEREDIT&IDIOPATH PERIPH NEUROPATHY;false
357.0;INFLAMMATORY AND TOXIC NEUROPATHY;false
358.0;MYONEURAL DISORDERS;false
359.0;MUSCULAR DYSTROPHIES&OTH MYOPATHIES;false
360.0;DISORDERS OF THE GLOBE;false
361.0;RETINAL DETACHMENTS AND DEFECTS;false
362.0;OTHER RETINAL DISORDERS;false
363.0;CHORIORET INFLAM&OTH D/O CHOROID;false
364.0;DISORDERS OF IRIS AND CILIARY BODY;false
365.0;GLAUCOMA;false
366.0;CATARACT;false
367.0;DISORDERS REFRACTION&ACCOMMODATION;false
368.0;VISUAL DISTURBANCES;false
369.0;BLINDNESS AND LOW VISION;false
370.0;KERATITIS;false
371.0;CORNEAL OPACITY&OTH D/O CORNEA;false
372.0;DISORDERS OF CONJUNCTIVA;false
373.0;INFLAMMATION OF EYELIDS;false
374.0;OTHER DISORDERS OF EYELIDS;false
375.0;DISORDERS OF LACRIMAL SYSTEM;false
376.0;DISORDERS OF THE ORBIT;false
377.0;D/O OPTIC NERVE&VISUAL PATHWAYS;false
378.0;STRAB&OTH D/O BINOCULR EYE MOVMNTS;false
379.0;OTHER DISORDERS OF EYE;false
380.0;DISORDERS OF EXTERNAL EAR;false
381.0;NONSUPPURATIVE OTITIS MEDIA D/O;false
382.0;SUPPURATIVE&UNSPEC OTITIS MEDIA;false
383.0;MASTOIDITIS AND RELATED CONDITIONS;false
384.0;OTHER DISORDERS TYMPANIC MEMBRANE;false
385.0;OTHER DISORDERS MIDDLE EAR&MASTOID;false
386.0;VERTIGNUS SYN&OTH D/O VESTIBULR SYS;false
387.0;OTOSCLEROSIS;false
388.0;OTHER DISORDERS OF EAR;false
389.0;HEARING LOSS;false
391.0;RHEUMATIC FEVER W/HEART INVOLVEMENT;false
392.0;RHEUMATIC CHOREA;false
394.0;DISEASES OF MITRAL VALVE;false
395.0;DISEASES OF AORTIC VALVE;false
396.0;DISEASES OF MITRAL&AORTIC VALVES;false
397.0;DISEASES OTH ENDOCARDIAL STRUCTURES;false
398.0;OTHER RHEUMATIC HEART DISEASE;false
401.0;ESSENTIAL HYPERTENSION;false
402.0;HYPERTENSIVE HEART DISEASE;false
403.0;HYPERTENSIVE CHRONIC KIDNEY DISEASE;false
404.0;HTN HEART & CHRONIC KIDNEY DISEASE;false
405.0;SECONDARY HYPERTENSION;false
410.0;ACUTE MYOCARDIAL INFARCTION;false
411.0;OTH AC&SUBAC FORMS ISCHEMIC HRT DZ;false
413.0;ANGINA PECTORIS;false
414.0;OTH FORMS CHRON ISCHEMIC HRT DZ;false
415.0;ACUTE PULMONARY HEART DISEASE;false
416.0;CHRONIC PULMONARY HEART DISEASE;false
417.0;OTH DISEASES PULMONARY CIRCULATION;false
420.0;ACUTE PERICARDITIS;false
421.0;ACUTE AND SUBACUTE ENDOCARDITIS;false
422.0;ACUTE MYOCARDITIS;false
423.0;OTHER DISEASES OF PERICARDIUM;false
424.0;OTHER DISEASES OF ENDOCARDIUM;false
425.0;CARDIOMYOPATHY;false
426.0;CONDUCTION DISORDERS;false
427.0;CARDIAC DYSRHYTHMIAS;false
428.0;HEART FAILURE;false
429.0;ILL-DEFINED DESC&COMPS HRT DISEASE;false
432.0;OTH&UNSPEC INTRACRANIAL HEMORRHAGE;false
433.0;OCCLUSION&STENOSIS PRECEREBRAL ART;false
434.0;OCCLUSION OF CEREBRAL ARTERIES;false
435.0;TRANSIENT CEREBRAL ISCHEMIA;false
437.0;OTH&ILL-DEFINED CEREBROVASC DZ;false
438.0;LATE EFF CEREBROVASCULAR DZ;false
440.0;ATHEROSCLEROSIS;false
441.0;AORTIC ANEURYSM AND DISSECTION;false
442.0;OTHER ANEURYSM;false
443.0;OTHER PERIPHERAL VASCULAR DISEASE;false
444.0;ARTERIAL EMBOLISM AND THROMBOSIS;false
445.0;ATHEROEMBOLISM;false
446.0;POLYARTERITIS NODOSA&ALLIED CONDS;false
447.0;OTHER DISORDERS ARTERIES&ARTERIOLES;false
448.0;DISEASE OF CAPILLARIES;false
451.0;PHLEBITIS AND THROMBOPHLEBITIS;false
453.0;OTHER VENOUS EMBOLISM&THROMBOSIS;false
454.0;VARICOSE VEINS OF LOWER EXTREMITIES;false
455.0;HEMORRHOIDS;false
456.0;VARICOSE VEINS OF OTHER SITES;false
457.0;NONINF D/O LYMPHATIC CHANNELS;false
458.0;HYPOTENSION;false
459.0;OTHER DISORDERS CIRCULATORY SYSTEM;false
461.0;ACUTE SINUSITIS;false
464.0;ACUTE LARYNGITIS AND TRACHEITIS;false
465.0;ACUTE URIS MULTIPLE/UNSPEC SITES;false
466.0;ACUTE BRONCHITIS AND BRONCHIOLITIS;false
471.0;NASAL POLYPS;false
472.0;CHRONIC PHARYNGITIS&NASOPHARYNGITIS;false
473.0;CHRONIC SINUSITIS;false
474.0;CHRONIC DISEASE OF T&A;false
476.0;CHRON LARYNGITIS&LARYNGOTRACHEITIS;false
477.0;ALLERGIC RHINITIS;false
478.0;OTH DZ UPPER RESPIRATORY TRACT;false
480.0;VIRAL PNEUMONIA;false
482.0;OTHER BACTERIAL PNEUMONIA;false
483.0;PNEUMONIA DUE OTHER SPEC ORGANISM;false
484.0;PNEUMONIA INFECTIOUS DZ CLASS ELSW;false
487.0;INFLUENZA;false
491.0;CHRONIC BRONCHITIS;false
492.0;EMPHYSEMA;false
493.0;ASTHMA;false
494.0;BRONCHIECTASIS;false
495.0;EXTRINSIC ALLERGIC ALVEOLITIS;false
506.0;RESP CONDS DUE CHEM FUMES&VAPORS;false
507.0;PNEUMONITIS DUE TO SOLIDS&LIQUIDS;false
508.0;RESP CONDS DUE OTH&UNSPEC EXT AGTS;false
510.0;EMPYEMA;false
511.0;PLEURISY;false
512.0;PNEUMOTHORAX;false
513.0;ABSCESS OF LUNG AND MEDIASTINUM;false
516.0;OTH ALVEOL&PARIETOALVEOL PNPATH;false
517.0;LUNG INVOLVEMENT CONDS CLASS ELSW;false
518.0;OTHER DISEASES OF LUNG;false
519.0;OTHER DISEASES RESPIRATORY SYSTEM;false
520.0;DISORDERS TOOTH DVLP&ERUPTION;false
521.0;DISEASES OF HARD TISSUES OF TEETH;false
522.0;DISEASES OF PULP&PERIAPICAL TISSUES;false
523.0;GINGIVAL AND PERIODONTAL DISEASES;false
524.0;DENTOFCE ANOMALIES INCL MALOCCL;false
525.0;OTH DZ&CONDS TEETH&SUPPORTING STRCT;false
526.0;DISEASES OF THE JAWS;false
527.0;DISEASES OF THE SALIVARY GLANDS;false
528.0;DZ ORL SFT TSS EXCLD LES GING&TNGUE;false
529.0;DISEASES&OTHER CONDITIONS TONGUE;false
530.0;DISEASES OF ESOPHAGUS;false
531.0;GASTRIC ULCER;false
532.0;DUODENAL ULCER;false
533.0;"PEPTIC ULCER, SITE UNSPECIFIED";false
534.0;GASTROJEJUNAL ULCER;false
535.0;GASTRITIS AND DUODENITIS;false
536.0;DISORDERS OF FUNCTION OF STOMACH;false
537.0;OTHER DISORDERS OF STOMACH&DUODENUM;false
540.0;ACUTE APPENDICITIS;false
543.0;OTHER DISEASES OF APPENDIX;false
550.0;INGUINAL HERNIA;false
551.0;OTH HERNIA ABD CAVITY W/GANGRENE;false
552.0;OTH HERN ABD CAV  W/OBST NO GANGREN;false
553.0;OTH HERN ABD CAV W/O OBST/GANGREN;false
555.0;REGIONAL ENTERITIS;false
556.0;ULCERATIVE COLITIS;false
557.0;VASCULAR INSUFFICIENCY OF INTESTINE;false
558.0;OTH NONINF GASTROENTERITIS&COLITIS;false
560.0;INTEST OBST W/O MENTION HERN;false
562.0;DIVERTICULA OF INTESTINE;false
564.0;FUNCTIONAL DIGESTIVE DISORDERS NEC;false
565.0;ANAL FISSURE AND FISTULA;false
567.0;PERITONITIS & RETROPERITONEAL INF;false
568.0;OTHER DISORDERS OF PERITONEUM;false
569.0;OTHER DISORDERS OF INTESTINE;false
571.0;CHRONIC LIVER DISEASE AND CIRRHOSIS;false
572.0;LIVER ABSC&SEQUELAE CHRON LIVR DZ;false
573.0;OTHER DISORDERS OF LIVER;false
574.0;CHOLELITHIASIS;false
575.0;OTHER DISORDERS OF GALLBLADDER;false
576.0;OTHER DISORDERS OF BILIARY TRACT;false
577.0;DISEASES OF PANCREAS;false
578.0;GASTROINTESTINAL HEMORRHAGE;false
579.0;INTESTINAL MALABSORPTION;false
580.0;ACUTE GLOMERULONEPHRITIS;false
581.0;NEPHROTIC SYNDROME;false
582.0;CHRONIC GLOMERULONEPHRITIS;false
583.0;NEPHRITIS&NEPHRPATH NOT ACUT/CHRN;false
584.0;ACUTE RENAL FAILURE;false
585.0;CHRONIC KIDNEY DISEASE;false
588.0;D/O RESULT FROM IMPAIRED RENL FUNCT;false
589.0;SMALL KIDNEY OF UNKNOWN CAUSE;false
590.0;INFECTIONS OF KIDNEY;false
592.0;CALCULUS OF KIDNEY AND URETER;false
593.0;OTHER DISORDERS OF KIDNEY&URETER;false
594.0;CALCULUS OF LOWER URINARY TRACT;false
595.0;CYSTITIS;false
596.0;OTHER DISORDERS OF BLADDER;false
597.0;URETHRITIS NOT SEX TRNS&URETHRL SYN;false
598.0;URETHRAL STRICTURE;false
599.0;OTH DISORDERS URETHRA&URINARY TRACT;false
600.0;HYPERPLASIA OF PROSTATE;false
601.0;INFLAMMATORY DISEASES OF PROSTATE;false
602.0;OTHER DISORDERS OF PROSTATE;false
603.0;HYDROCELE;false
604.0;ORCHITIS AND EPIDIDYMITIS;false
606.0;MALE INFERTILITY;false
607.0;DISORDERS OF PENIS;false
608.0;OTHER DISORDERS MALE GENITAL ORGANS;false
610.0;BENIGN MAMMARY DYSPLASIAS;false
611.0;OTHER DISORDERS OF BREAST;false
614.0;INFLAM DZ-OVARY TUB PELV TISS&PERIT;false
615.0;INFLAMMATORY DZ UTERUS EXCEPT CERV;false
616.0;INFLAM DISEASE CERV VAGINA&VULVA;false
617.0;ENDOMETRIOSIS;false
618.0;GENITAL PROLAPSE;false
619.0;FISTULA INVOLVING FE GENITAL TRACT;false
620.0;NONINFLAM D/O OVRY TUBE&BROAD LIG;false
621.0;DISORDERS OF UTERUS NEC;false
622.0;NONINFLAMMATORY DISORDERS OF CERVIX;false
623.0;NONINFLAMMATORY DISORDERS OF VAGINA;false
624.0;NONINFLAMMATORY D/O VULVA&PERINEUM;false
625.0;PAIN&OTH SX ASSOC W/FE GENITAL ORGN;false
626.0;D/O MENS&OTH ABN BLEED FE GNT TRACT;false
627.0;MENOPAUSAL&POSTMENOPAUSAL DISORDERS;false
628.0;FEMALE INFERTILITY;false
629.0;OTH DISORDERS FEMALE GENITAL ORGANS;false
633.0;ECTOPIC PREGNANCY;false
634.0;SPONTANEOUS ABORTION;false
635.0;LEGALLY INDUCED ABORTION;false
636.0;ILLEGALLY INDUCED ABORTION;false
637.0;LEGALLY UNSPECIFIED ABORTION;false
638.0;FAILED ATTEMPTED ABORTION;false
639.0;COMPS FOLLOW AB/ECTOPIC&MOLAR PG;false
640.0;HEMORRHAGE IN EARLY PREGNANCY;false
641.0;ANTPRTM HEM ABRUPTIO&PLACNTA PREVIA;false
642.0;HTN COMP PG CHLDBRTH&THE PUERPERIUM;false
643.0;EXCESSIVE VOMITING IN PREGNANCY;false
644.0;EARLY OR THREATENED LABOR;false
645.0;PROLONGED PREGNANCY;false
646.0;OTHER COMPLICATIONS PREGNANCY NEC;false
647.0;INFECTIVE DIS IN PREG;false
648.0;OTH CURRENT MATERNL CCE-COMPL P C/P;false
649.0;OTH COND MOTHER COMP PG BIRTH/PP;false
651.0;MULTIPLE GESTATION;false
652.0;MALPOSITION&MALPRESENTATION FETUS;false
653.0;DISPROPORTION IN PREGNANCY L&D;false
654.0;ABN ORGN&TISS PELV COMPL PG CB/PP;false
655.0;KNOWN/SPCT FETAL ABNORM MGMT MOTH;false
656.0;OTH FETAL&PLACNTL PROBS MGMT MOTH;false
657.0;POLYHYDRAMNIOS;false
658.0;OTH PROBS ASSOC W/AMNIOTIC CAV&MEMB;false
659.0;OTH INDICAT CARE/INTRVN REL L&D NEC;false
660.0;OBSTRUCTED LABOR;false
661.0;ABNORMALITY OF FORCES OF LABOR;false
662.0;LONG LABOR;false
663.0;UMBILICAL CORD COMPS DURING L&D;false
664.0;TRAUMA PERINEUM&VULVA DURING DELIV;false
665.0;OTHER OBSTETRICAL TRAUMA;false
666.0;POSTPARTUM HEMORRHAGE;false
667.0;RETAIN PLACENTA/MEMB WITHOUT HEMORR;false
668.0;COMPS ADMN ANESTHETIC/OTH SEDAT L&D;false
669.0;OTHER COMPLICATIONS OF L&D NEC;false
670.0;MAJOR PUERPERAL INFECTION;false
671.0;VENOUS COMPS PG&THE PUERPERIUM;false
672.0;PYREXIA UNKN ORIG DUR THE PURPERIUM;false
673.0;OBSTETRICAL PULMONARY EMBOLISM;false
674.0;OTH&UNSPEC COMPS PUERPERIUM NEC;false
675.0;INF BRST&NIPPLE ASSOC W/CHILDBIRTH;false
676.0;ENGORGE BRSTS UNS PRE/POSTNATAL EOC;false
680.0;CARBUNCLE AND FURUNCLE;false
681.0;CELLULITIS&ABSCESS OF FINGER&TOE;false
682.0;OTHER CELLULITIS AND ABSCESS;false
685.0;PILONIDAL CYST;false
686.0;OTH LOCAL INF SKIN&SUBCUT TISSUE;false
690.0;ERYTHEMATOSQUAMOUS DERMATOSIS;false
691.0;ATOPIC DERMATITIS&RELATED CONDS;false
692.0;CONTACT DERMATITIS AND OTHER ECZEMA;false
693.0;DERMATITIS DUE SBSTNC TAKEN INTRLLY;false
694.0;BULLOUS DERMATOSES;false
695.0;ERYTHEMATOUS CONDITIONS;false
696.0;PSORIASIS AND SIMILAR DISORDERS;false
697.0;LICHEN;false
698.0;PRURITUS AND RELATED CONDITIONS;false
701.0;OTH HYPERTROPH&ATROPHIC CONDS SKIN;false
702.0;OTHER DERMATOSES;false
703.0;DISEASES OF NAIL;false
704.0;DISEASES OF HAIR AND HAIR FOLLICLES;false
705.0;DISORDERS OF SWEAT GLANDS;false
706.0;DISEASES OF SEBACEOUS GLANDS;false
707.0;CHRONIC ULCER OF SKIN;false
708.0;URTICARIA;false
709.0;OTH DISORDERS SKIN&SUBCUT TISSUE;false
710.0;DIFFUSE DISEASES CONNECTIVE TISSUE;false
711.0;ARTHROPATHY ASSOCIATED W/INFECTIONS;false
712.0;CRYSTAL ARTHROPATHIES;false
713.0;ARTHRPATH W/OTH D/O CLASS ELSW;false
714.0;RA&OTH INFLAM POLYARTHROPATHIES;false
715.0;OSTEOARTHROSIS AND ALLIED DISORDERS;false
716.0;OTHER AND UNSPECIFIED ARTHROPATHIES;false
717.0;INTERNAL DERANGEMENT OF KNEE;false
718.0;OTHER DERANGEMENT OF JOINT;false
719.0;OTHER&UNSPECIFIED DISORDERS JOINT;false
720.0;ANKYLOS SPNDYLIT&INFLAM SPNDYLOPATH;false
721.0;SPONDYLOSIS AND ALLIED DISORDERS;false
722.0;INTERVERTEBRAL DISC DISORDERS;false
723.0;OTHER DISORDERS OF CERVICAL REGION;false
724.0;OTHER&UNSPECIFIED DISORDERS OF BACK;false
726.0;PERIPH ENTHESOPATHIES&ALLIED SYNDS;false
727.0;OTH D/O OF SYNOVIUM TENDON & BURSA;false
728.0;DISORDERS OF MUSCLE LIGAMENT&FASCIA;false
729.0;OTHER DISORDERS OF SOFT TISSUES;false
730.0;OSTEOMYELIT PERIOSTITIS&OTH INF-BN;false
731.0;OSTEIT DEFORM&OSTEOPATH-OTH D/O CE;false
732.0;OSTEOCHONDROPATHIES;false
733.0;OTHER DISORDERS BONE AND CARTILAGE;false
735.0;ACQUIRED DEFORMITIES OF TOE;false
736.0;OTHER ACQUIRED DEFORMITIES OF LIMBS;false
737.0;CURVATURE OF SPINE;false
738.0;OTH ACQ MUSCULOSKELETAL DEFORMITY;false
739.0;NONALLOPATHIC LESIONS NEC;false
740.0;ANENCEPHALUS AND SIMILAR ANOMALIES;false
741.0;SPINA BIFIDA;false
742.0;OTH CONGEN ANOMALIES NERVOUS SYSTEM;false
743.0;CONGENITAL ANOMALIES OF EYE;false
744.0;CONGENITAL ANOMALIES EAR FACE&NECK;false
745.0;BULBUS CORDIS&CARD SEPTL CLOS ANOM;false
746.0;OTHER CONGENITAL ANOMALIES OF HEART;false
747.0;OTH CONGEN ANOMALIES CIRC SYSTEM;false
748.0;CONGEN ANOMALIES RESPIRATORY SYSTEM;false
749.0;CLEFT PALATE AND CLEFT LIP;false
750.0;OTH CONGEN ANOM UP ALIMENTARY TRACT;false
751.0;OTH CONGN ANOMALIES DIGESTV SYSTEM;false
752.0;CONGENITAL ANOMALIES GENITAL ORGANS;false
753.0;CONGENITAL ANOMALIES URINARY SYSTEM;false
754.0;CERTAIN CONGEN MUSCULOSKEL DEFORM;false
755.0;OTHER CONGENITAL ANOMALIES OF LIMBS;false
756.0;OTH CONGEN MUSCULOSKEL ANOMALIES;false
757.0;CONGENITAL ANOMALIES THE INTEGUMENT;false
758.0;CHROMOSOMAL ANOMALIES;false
759.0;OTHER&UNSPEC CONGENITAL ANOMALIES;false
760.0;MAT CONDIT-UNREL THIS PG AFFCT F/NB;false
761.0;FETUS/NB AFFECTED MTRN COMPS PG;false
762.0;FT/NB AFFCT COMPL PLACNTA CORD&MEMB;false
763.0;FETUS/NB AFFECTED OTH COMPS L&D;false
764.0;SLOW FETAL GROWTH&FETAL MLNUTRIT;false
765.0;SHORT GESTAT/LOW BIRTHWT;false
766.0;D/O RELATING LNG GEST&HI BRTHWEIGHT;false
767.0;BIRTH TRAUMA;false
768.0;INTRAUTERINE HYPOXIA&BIRTH ASPHYXIA;false
770.0;OTH RESPIRATORY CONDS FETUS&NEWBORN;false
771.0;INFS SPECIFIC PERINATAL PERIOD;false
772.0;FETAL AND NEONATAL HEMORRHAGE;false
773.0;HEMOLYT DZ FETUS/NB DUE ISOIMMUN;false
774.0;OTHER PERINATAL JAUNDICE;false
775.0;ENDOCRN&METAB DISTURB SPEC FETUS&NB;false
776.0;HEMATOLOGICAL D/O FETUS&NEWBORN;false
777.0;PERINATAL D/O DIGESTIVE SYSTEM;false
778.0;CONDS INVLV INTEG&TEMP REG FETUS&NB;false
779.0;OTH&ILL-DEFND COND ORIG PRINATL PER;false
780.0;GENERAL SYMPTOMS;false
781.0;SX INVLV NERV&MUSCULOSKEL SYSTEMS;false
782.0;SX INVLV SKIN&OTH INTEG TISSUE;false
783.0;SX CONCERNING NUTRITION METAB&DVLP;false
784.0;SYMPTOMS INVOLVING HEAD AND NECK;false
785.0;SYMPTOMS INVOLVING CV SYSTEM;false
786.0;SX INVLV RESP SYSTEM&OTH CHST SX;false
787.0;SYMPTOMS INVOLVING DIGESTIVE SYSTEM;false
788.0;SYMPTOMS INVOLVING URINARY SYSTEM;false
789.0;OTH SYMPTOMS INVLV ABDOMEN & PELVIS;false
790.0;NONSPECIFIC FIND EXAMINATION BLD;false
791.0;NONSPECIFIC FIND EXAMINATION URINE;false
792.0;NONSPEC ABNORM FIND OTH BDY SBSTNC;false
793.0;NONSPEC ABN FIND RAD&OTH EX BODY;false
794.0;NONSPECIFIC ABNORM RSLTS FUNCT STDY;false
795.0;OTH&NONSPEC ABN CYTO HISTO&DNA TST;false
796.0;OTHER NONSPECIFIC ABNORMAL FINDINGS;false
798.0;"SUDDEN DEATH, CAUSE UNKNOWN";false
799.0;OTH ILL-DEF & UKN CAUS MORBID/MORTL;false
800.0;FRACTURE OF VAULT OF SKULL;false
801.0;FRACTURE OF BASE OF SKULL;false
802.0;FRACTURE OF FACE BONES;false
803.0;OTHER&UNQUALIFIED SKULL FRACTURES;false
804.0;MX FX INVLV SKULL/FACE W/OTH BNS;false
805.0;FX VERT COLUMN W/O SP CRD INJR;false
806.0;FX VERT COLUMN W/SPINAL CORD INJURY;false
807.0;FRACTURE RIB STERNUM LARYNX&TRACHEA;false
808.0;FRACTURE OF PELVIS;false
809.0;ILL-DEFINED FRACTURES BONES TRUNK;false
810.0;FRACTURE OF CLAVICLE;false
811.0;FRACTURE OF SCAPULA;false
812.0;FRACTURE OF HUMERUS;false
813.0;FRACTURE OF RADIUS AND ULNA;false
814.0;FRACTURE OF CARPAL BONE;false
815.0;FRACTURE OF METACARPAL BONE;false
816.0;FX ONE OR MORE PHALANGES OF HAND;false
817.0;MULTIPLE FRACTURES OF HAND BONES;false
818.0;ILL-DEFINED FRACTURES OF UPPER LIMB;false
819.0;MX FX UP LIMBS&LIMBS W/RIB&STERNUM;false
820.0;FRACTURE OF NECK OF FEMUR;false
821.0;FRACTURE OTHER&UNSPEC PARTS FEMUR;false
822.0;FRACTURE OF PATELLA;false
823.0;FRACTURE OF TIBIA AND FIBULA;false
824.0;FRACTURE OF ANKLE;false
825.0;FRACTURE 1/MORE TARSAL&MT BNS;false
826.0;FRACTURE ONE OR MORE PHALANGES FOOT;false
827.0;OTH MX&ILL-DEFINED FX LOWER LIMB;false
828.0;MX FX LEGS-LEG W/ARM-LEGS W/RIBS;false
829.0;FRACTURE OF UNSPECIFIED BONES;false
830.0;DISLOCATION OF JAW;false
831.0;DISLOCATION OF SHOULDER;false
832.0;DISLOCATION OF ELBOW;false
833.0;DISLOCATION OF WRIST;false
834.0;DISLOCATION OF FINGER;false
835.0;DISLOCATION OF HIP;false
836.0;DISLOCATION OF KNEE;false
837.0;DISLOCATION OF ANKLE;false
838.0;DISLOCATION OF FOOT;false
839.0;OTH MULTIPLE&ILL-DEFINED DISLOCS;false
840.0;SPRAINS&STRAINS SHOULDER&UPPER ARM;false
841.0;SPRAINS&STRAINS OF ELBOW&FOREARM;false
842.0;SPRAINS&STRAINS OF WRIST&HAND;false
843.0;SPRAINS&STRAINS OF HIP&THIGH;false
844.0;SPRAINS AND STRAINS OF KNEE AND LEG;false
845.0;SPRAINS&STRAINS OF ANKLE&FOOT;false
846.0;SPRAINS&STRAINS SACROILIAC REGION;false
847.0;SPRAINS&STRAINS OTH&UNS PART BACK;false
848.0;OTHER&ILL-DEFINED SPRAINS&STRAINS;false
850.0;CONCUSSION;false
851.0;CEREBRAL LACERATION AND CONTUSION;false
852.0;SUBARACH SUB&XTRADURL HEMOR FLW INJ;false
853.0;OTH&UNS INTRACRAN HEMOR FLW INJURY;false
854.0;INTRACRAN INJURY OTH&UNSPEC NATURE;false
860.0;TRAUMATIC PNEUMOTHORAX&HEMOTHORAX;false
861.0;INJURY TO HEART AND LUNG;false
862.0;INJURY OTH&UNSPEC INTRATHOR ORGN;false
863.0;GASTROINTESTINAL TRACT INJURY;false
864.0;INJURY TO LIVER;false
865.0;INJURY TO SPLEEN;false
866.0;INJURY TO KIDNEY;false
867.0;INJURY TO PELVIC ORGANS;false
868.0;INJURY OTHER INTRA-ABDOMINAL ORGANS;false
869.0;INTRL INJURY UNSPEC/ILL-DEFIND ORGN;false
870.0;OPEN WOUND OF OCULAR ADNEXA;false
871.0;OPEN WOUND OF EYEBALL;false
872.0;OPEN WOUND OF EAR;false
873.0;OTHER OPEN WOUND OF HEAD;false
874.0;OPEN WOUND OF NECK;false
875.0;OPEN WOUND OF CHEST;false
876.0;OPEN WOUND OF BACK;false
877.0;OPEN WOUND OF BUTTOCK;false
878.0;OPEN WND GNT ORGN INCL TRAUMAT AMP;false
879.0;OPEN WOUND OTH&UNSPEC SITE NO LIMBS;false
880.0;OPEN WOUND OF SHOULDER&UPPER ARM;false
881.0;OPEN WOUND OF ELBOW FOREARM&WRIST;false
882.0;OPEN WOUND HAND EXCEPT FINGER ALONE;false
883.0;OPEN WOUND OF FINGER;false
884.0;MX&UNSPEC OPEN WOUND UPPER LIMB;false
885.0;TRAUMATIC AMPUTATION OF THUMB;false
886.0;TRAUMATIC AMPUTATION OTHER FINGER;false
887.0;TRAUMATIC AMPUTATION OF ARM&HAND;false
890.0;OPEN WOUND OF HIP AND THIGH;false
891.0;"OPEN WOUND OF KNEE, LEG , AND ANKLE";false
892.0;OPEN WOUND OF FOOT EXCEPT TOE ALONE;false
893.0;OPEN WOUND OF TOE;false
894.0;MX&UNSPEC OPEN WOUND LOWER LIMB;false
895.0;TRAUMATIC AMPUTATION OF TOE;false
896.0;TRAUMATIC AMPUTATION OF FOOT;false
897.0;TRAUMATIC AMPUTATION OF LEG;false
900.0;INJURY TO BLOOD VESSELS HEAD&NECK;false
901.0;INJURY TO BLOOD VESSELS OF THORAX;false
902.0;INJURY BLOOD VESSELS ABDOMEN&PELVIS;false
903.0;INJURY BLD VESSELS UPPER EXTREMITY;false
904.0;INJURY BLD VES LOW EXTREM&UNS SITE;false
905.0;LATE EFF MUSCSKEL&CONNCTV TISS INJR;false
906.0;LATE EFF INJURIES SKIN&SUBCUT TISS;false
907.0;LATE EFF INJURIES NERVOUS SYSTEM;false
908.0;LATE EFFECT OTHER&UNSPEC INJURY;false
909.0;LATE EFF OTH&UNSPEC EXTERNAL CAUSES;false
910.0;SUP INJURY FACE NECK&SCLP NO EYE;false
911.0;SUPERFICIAL INJURY OF TRUNK;false
912.0;SUPERFICIAL INJURY SHLDR&UPPER ARM;false
913.0;SUP INJURY ELBOW FOREARM&WRIST;false
914.0;SUP INJURY HAND NO FINGER ALONE;false
915.0;SUPERFICIAL INJURY OF FINGER;false
916.0;SUP INJURY HIP THIGH LEG&ANK;false
917.0;SUPERFICIAL INJURY OF FOOT AND TOE;false
918.0;SUPERFICIAL INJURY OF EYE&ADNEXA;false
919.0;SUP INJURY OTH MX&UNSPEC SITES;false
921.0;CONTUSION OF EYE AND ADNEXA;false
922.0;CONTUSION OF TRUNK;false
923.0;CONTUSION OF UPPER LIMB;false
924.0;CONTUS LOW LIMB&OF OTH&UNSPEC SITES;false
925.0;CRUSHING INJURY OF FACE SCALP&NECK;false
926.0;CRUSHING INJURY OF TRUNK;false
927.0;CRUSHING INJURY OF UPPER LIMB;false
928.0;CRUSHING INJURY OF LOWER LIMB;false
929.0;CRUSHING INJURY MX&UNSPEC SITES;false
930.0;FOREIGN BODY ON EXTERNAL EYE;false
933.0;FOREIGN BODY IN PHARYNX AND LARYNX;false
934.0;FOREIGN BODY TRACHEA BRONCHUS&LUNG;false
935.0;FOREIGN BODY MOUTH ESOPH&STOMACH;false
939.0;FOREIGN BODY IN GENITOURINARY TRACT;false
940.0;BURN CONFINED TO EYE AND ADNEXA;false
941.0;"BURN OF FACE, HEAD, AND NECK";false
942.0;BURN OF TRUNK;false
943.0;BURN UPPER LIMB EXCEPT WRIST&HAND;false
944.0;BURN OF WRIST AND HAND;false
945.0;BURN OF LOWER LIMB;false
946.0;BURNS OF MULTIPLE SPECIFIED SITES;false
947.0;BURN OF INTERNAL ORGANS;false
948.0;BURN CLASS ACCORD-BODY SURF INVOLVD;false
949.0;"BURN, UNSPECIFIED SITE";false
950.0;INJURY TO OPTIC NERVE AND PATHWAYS;false
951.0;INJURY TO OTHER CRANIAL NERVE;false
952.0;SP CRD INJR W/O EVIDENCE SP BN INJR;false
953.0;INJURY TO NERVE ROOTS&SPINAL PLEXUS;false
954.0;INJR OTH NRV TRNK NO SHLDR&PLV GIRD;false
955.0;INJR PERIPH NRV SHLDR GIRDL&UP LIMB;false
956.0;INJR PERIPH NERV PELV GIRDL&LW LIMB;false
957.0;INJURY TO OTHER&UNSPECIFIED NERVES;false
958.0;CERTAIN EARLY COMPLICATIONS TRAUMA;false
959.0;"INJURY, OTHER AND UNSPECIFIED";false
960.0;POISONING BY ANTIBIOTICS;false
961.0;POISONING BY OTHER ANTI-INFECTIVES;false
962.0;POISN HORMONES&SYNTHETIC SUBSTS;false
963.0;POISONING PRIMARILY SYSTEMIC AGENTS;false
964.0;PSN AGT PRIM AFFCT BLD CONSTITUNTS;false
965.0;POISN ANALGES ANTIPYRET&ANTIRHEUMAT;false
966.0;PSN ANTICONVUL&ANTI-PARKINSONISM RX;false
967.0;POISONING SEDATIVES AND HYPNOTICS;false
968.0;POISON OTH CNS DEPRESSANT&ANES;false
969.0;POISONING BY PSYCHOTROPIC AGENTS;false
970.0;POISONING CNTRL NERV SYS STIMULANTS;false
971.0;POISN RX PRIM AFFCT AUTONOM NRV SYS;false
972.0;POISN AGTS PRIM AFFECT CV SYSTEM;false
973.0;POISN AGTS PRIM AFFECT GI SYSTEM;false
974.0;POISN H2O MINERL&URIC ACID METAB RX;false
975.0;PSN-AGT ACT SMTH&SKEL MUSC&RESP SYS;false
976.0;POISONING SKIN EENT&DENT AGT;false
977.0;POISN OTH&UNS RX&MEDICINAL SBSTNC;false
978.0;POISONING BY BACTERIAL VACCINES;false
979.0;POISN OTH VACCS&BIOLOGICAL SBSTNC;false
980.0;TOXIC EFFECT OF ALCOHOL;false
982.0;TOXIC EFFECT SOLVENT;false
983.0;TOXIC EFFECT CORROSIVE CAUSTICS;false
984.0;TOXIC EFFECT OF LEAD&ITS COMPOUNDS;false
985.0;TOXIC EFFECT OF OTHER METALS;false
987.0;TOXIC EFFECT OTH GASES FUMES/VAPORS;false
988.0;TOX EFF NOXIOUS SBSTNC EATEN FOOD;false
989.0;TOXIC EFF OTH SBSTNC NONMED AS SRC;false
991.0;EFFECTS OF REDUCED TEMPERATURE;false
992.0;EFFECTS OF HEAT AND LIGHT;false
993.0;EFFECTS OF AIR PRESSURE;false
994.0;EFFECTS OF OTHER EXTERNAL CAUSES;false
995.0;CERTAIN ADVERSE EFFECTS NEC;false
996.0;COMPS PECULIAR CERTAIN SPEC PROC;false
997.0;COMPS AFFECT SPEC BODY SYSTEMS NEC;false
998.0;OTHER COMPLICATIONS PROCEDURES NEC;false
999.0;COMPLICATIONS OF MEDICAL CARE NEC;false
