Abbey Road;NW8;Greater London;;GL
Abbey Wood;SE2;Greater London;;GL
Acton;W3;Greater London;;GL
Acton Green;W4;Greater London;;GL
Acton Town;W5;Greater London;;GL
Addington;CR0;Greater London;;GL
Aldersbrook;E12;Greater London;;GL
Aldersgate;EC1;Greater London;;GL
Aldgate;EC3;Greater London;;GL
Aldgate East;E1;Greater London;;GL
Aldwych;WC2;Greater London;;GL
Alexandra Palace;N22;Greater London;;GL
Alexandra Park;N22;Greater London;;GL
All Saints;E14;Greater London;;GL
Alperton;HA0;Greater London;;GL
Anerley;SE20;Greater London;;GL
Angel;EC1;Greater London;;GL
Archway;N19;Greater London;;GL
Arkley;EN5;Greater London;;GL
Arsenal;N5;Greater London;;GL
Avery Hill;SE9;Greater London;;GL
Baker Street;NW1;Greater London;;GL
Balham;SW12;Greater London;;GL
Balls Pond Road;N1;Greater London;;GL
Bank;EC2;Greater London;;GL
Bank;EC3;Greater London;;GL
Barbican;EC2;Greater London;;GL
Barking;IG11;Greater London;;GL
Barking & Dagenham;RM8;Greater London;;GL
Barkingside;IG6;Greater London;;GL
Barnes;SW13;Greater London;;GL
Barnes Bridge;SW13;Greater London;;GL
Barnet;EN5;Greater London;;GL
Barnsbury;N1;Greater London;;GL
Barons Court;W6;Greater London;;GL
Battersea;SW11;Greater London;;GL
Bayswater;W2;Greater London;;GL
Bayswater Road;W2;Greater London;;GL
Beckenham;BR3;Greater London;;GL
Beckton;E6;Greater London;;GL
Becontree;RM9;Greater London;;GL
Becontree Heath;RM8;Greater London;;GL
Beddington;SM6;Greater London;;GL
Beddington Corner;CR4;Greater London;;GL
Bedford Park;W12;Greater London;;GL
Bedford Park;W4;Greater London;;GL
Belgravia;SW1;Greater London;;GL
Bellingham;SE6;Greater London;;GL
Belmont;SM2;Greater London;;GL
Belsize Park;NW3;Greater London;;GL
Belvedere;DA17;Greater London;;GL
Bermondsey;SE1;Greater London;;GL
Bermondsey;SE16;Greater London;;GL
Bethnal Green;E2;Greater London;;GL
Bexley;DA15;Greater London;;GL
Bexleyheath;DA6;Greater London;;GL
Bickley;BR1;Greater London;;GL
Biggin Hill;TN16;Greater London;;GL
Billingsgate;EC3;Greater London;;GL
Bishopsgate;EC2;Greater London;;GL
Blackfriars;EC4;Greater London;;GL
Blackheath;SE3;Greater London;;GL
Blackheath Park;SE3;Greater London;;GL
Blackhorse Road;E17;Greater London;;GL
Blackwall;E14;Greater London;;GL
Bloomsbury;WC1;Greater London;;GL
Bond Street;W1;Greater London;;GL
Borough;SE1;Greater London;;GL
Bostall Woods;SE2;Greater London;;GL
Boston Manor;TW8;Greater London;;GL
Boston Manor;W7;Greater London;;GL
Botany Bay;EN2;Greater London;;GL
Bounds Green;N11;Greater London;;GL
Bow;E3;Greater London;;GL
Bow Church;E3;Greater London;;GL
Bow Road;E3;Greater London;;GL
Bowes Park;N13;Greater London;;GL
Bowes Park;N22;Greater London;;GL
Brent;HA9;Greater London;;GL
Brent Cross;NW11;Greater London;;GL
Brentford;TW8;Greater London;;GL
Brixton;SW2;Greater London;;GL
Broad Street;EC2;Greater London;;GL
Broadgate;EC2;Greater London;;GL
Brockley;SE4;Greater London;;GL
Bromley;BR1;Greater London;;GL
Bromley by Bow;E3;Greater London;;GL
Bromley Common;BR2;Greater London;;GL
Brompton;SW3;Greater London;;GL
Brompton;SW7;Greater London;;GL
Brompton Road;SW3;Greater London;;GL
Brondesbury;NW6;Greater London;;GL
Brondesbury Park;NW6;Greater London;;GL
Brook Green;W14;Greater London;;GL
Buckingham Palace;SW1;Greater London;;GL
Burnt Oak;HA8;Greater London;;GL
Bushey Mead;SW20;Greater London;;GL
Bushy Park;TW12;Greater London;;GL
Caledonian Road;N7;Greater London;;GL
Camberwell;SE5;Greater London;;GL
Camberwell;SE5;Greater London;;GL
Camden;NW3;Greater London;;GL
Camden Lock;NW1;Greater London;;GL
Camden Town;NW1;Greater London;;GL
Canary Wharf;E14;Greater London;;GL
Canary Wharf;SE16;Greater London;;GL
Canning Town;E16;Greater London;;GL
Cannon Street;EC4;Greater London;;GL
Canonbury;N1;Greater London;;GL
Capel Manor;EN2;Greater London;;GL
Carshalton;SM5;Greater London;;GL
Castlenau;SW13;Greater London;;GL
Catford;SE6;Greater London;;GL
Chalk Farm;NW3;Greater London;;GL
Chancery Lane;WC2;Greater London;;GL
Charing Cross;WC2;Greater London;;GL
Charlton;SE7;Greater London;;GL
Cheam;SM3;Greater London;;GL
Cheapside;EC2;Greater London;;GL
Chelsea;SW10;Greater London;;GL
Chelsea;SW3;Greater London;;GL
Chelsea Embankment;SW3;Greater London;;GL
Chelsfield;BR6;Greater London;;GL
Chessington;KT9;Greater London;;GL
Cheyne Walk;SW10;Greater London;;GL
Childs Hill;NW2;Greater London;;GL
Chingford;E4;Greater London;;GL
Chingford Green;E4;Greater London;;GL
Chingford Hatch;E4;Greater London;;GL
Chislehurst;BR7;Greater London;;GL
Chislehurst Caves;BR7;Greater London;;GL
Chiswick;W4;Greater London;;GL
Chiswick High Road;W3;Greater London;;GL
Chiswick House;W4;Greater London;;GL
Chiswick Park;W4;Greater London;;GL
Church End;N3;Greater London;;GL
Church End;NW10;Greater London;;GL
City of Westminster;W2;Greater London;;GL
Clapham;SW4;Greater London;;GL
Clapham Common;SW4;Greater London;;GL
Clapham Junction;SW11;Greater London;;GL
Clapham North;SW4;Greater London;;GL
Clapham South;SW12;Greater London;;GL
Clapton;E5;Greater London;;GL
Clapton Park;E5;Greater London;;GL
Clerkenwell;EC1;Greater London;;GL
Cockfosters;EN4;Greater London;;GL
Coldblow;DA5;Greater London;;GL
Coldharbour;E14;Greater London;;GL
Coldharbour Lane;SW9;Greater London;;GL
Colindale;NW9;Greater London;;GL
Collier Row;RM5;Greater London;;GL
Colliers Wood;SW19;Greater London;;GL
Colney Hatch;N12;Greater London;;GL
Commercial Road;E1;Greater London;;GL
Copse Hill;SW20;Greater London;;GL
Copthall;NW4;Greater London;;GL
Cottenham Park;SW20;Greater London;;GL
Coulsdon;CR5;Greater London;;GL
Covent Garden;WC2;Greater London;;GL
Cowley;UB8;Greater London;;GL
Cranford;TW5;Greater London;;GL
Cranham;RM14;Greater London;;GL
Cranley Gardens;N10;Greater London;;GL
Crayford;DA1;Greater London;;GL
Creekmouth;IG11;Greater London;;GL
Cricklewood;NW2;Greater London;;GL
Crofton Park;SE4;Greater London;;GL
Cromwell Road;SW5;Greater London;;GL
Cromwell Road;SW7;Greater London;;GL
Crouch End;N8;Greater London;;GL
Croydon;CR0;Greater London;;GL
Croydon;CR1;Greater London;;GL
Crystal Palace;SE19;Greater London;;GL
Crystal Palace;SE26;Greater London;;GL
Cubitt Town;E14;Greater London;;GL
Cuddington;SM7;Greater London;;GL
Cudham;TN14;Greater London;;GL
Custom House;E16;Greater London;;GL
Cyprus;E6;Greater London;;GL
Dagenham;RM10;Greater London;;GL
Dalston;E8;Greater London;;GL
Dalston Junction;E8;Greater London;;GL
Dartmouth Park;N6;Greater London;;GL
Denmark Hill;SE5;Greater London;;GL
Deptford;SE14;Greater London;;GL
Deptford;SE8;Greater London;;GL
Deptford High Street;SE8;Greater London;;GL
Devons Road;E3;Greater London;;GL
Docklands;SE16;Greater London;;GL
Dollis Hill;NW2;Greater London;;GL
Down House;BR6;Greater London;;GL
Downe;BR6;Greater London;;GL
Drayton Green;W13;Greater London;;GL
Drayton Park;N5;Greater London;;GL
Dulwich;SE21;Greater London;;GL
Ealing;W13;Greater London;;GL
Ealing;W5;Greater London;;GL
Ealing Broadway;W5;Greater London;;GL
Ealing Common;W5;Greater London;;GL
Earl's Court;SW5;Greater London;;GL
Earlsfield;SW18;Greater London;;GL
East Acton;W3;Greater London;;GL
East Barnet;EN4;Greater London;;GL
East Barnet;N14;Greater London;;GL
East Bedfont;TW14;Greater London;;GL
East Dulwich;SE22;Greater London;;GL
East Dulwich;SE5;Greater London;;GL
East Finchley;N2;Greater London;;GL
East Ham;E6;Greater London;;GL
East India;E14;Greater London;;GL
East India Dock Road;E14;Greater London;;GL
East Putney;SW15;Greater London;;GL
East Sheen;SW14;Greater London;;GL
East Wickham;DA16;Greater London;;GL
Eastcote;HA5;Greater London;;GL
Eden Park;BR3;Greater London;;GL
Edgware;HA8;Greater London;;GL
Edgware Road;NW9;Greater London;;GL
Edgware Road;W2;Greater London;;GL
Edmonton;N18;Greater London;;GL
Elephant & Castle;SE17;Greater London;;GL
Elm Park;RM12;Greater London;;GL
Elmers End;SE25;Greater London;;GL
Eltham;SE9;Greater London;;GL
Elthorne Park;W7;Greater London;;GL
Embankment;WC2;Greater London;;GL
Enfield;EN1;Greater London;;GL
Enfield;EN2;Greater London;;GL
Enfield Chase;EN4;Greater London;;GL
Erith;DA8;Greater London;;GL
Erith Marshes;DA17;Greater London;;GL
Essex Road;N1;Greater London;;GL
Euston;NW1;Greater London;;GL
Euston Square;NW1;Greater London;;GL
Fairlop Waters;IG2;Greater London;;GL
Farnborough;BR6;Greater London;;GL
Farringdon;EC1;Greater London;;GL
Feltham;TW13;Greater London;;GL
Fenchurch Street;EC3;Greater London;;GL
Fenton Ho.;NW3;Greater London;;GL
Finchley;N3;Greater London;;GL
Finchley Central;N3;Greater London;;GL
Finchley Road;NW11;Greater London;;GL
Finsbury;EC1;Greater London;;GL
Finsbury Park;N4;Greater London;;GL
Fleet Street;EC4;Greater London;;GL
Foots Cray;DA14;Greater London;;GL
Forest Gate;E7;Greater London;;GL
Forest Hill;SE23;Greater London;;GL
Fortis Green;N2;Greater London;;GL
Fortune Green;NW2;Greater London;;GL
Forty Hill;EN2;Greater London;;GL
Friern Barnet;N11;Greater London;;GL
Fulham;SW6;Greater London;;GL
Fulham Broadway;SW6;Greater London;;GL
Fulham Palace Road;SW6;Greater London;;GL
Fulham Palace Road;W6;Greater London;;GL
Furzedown;SW17;Greater London;;GL
Gidea Park;RM2;Greater London;;GL
Gilwell Park;E4;Greater London;;GL
Gipsy Hill;SE19;Greater London;;GL
Gloucester Road;SW7;Greater London;;GL
Golders Green;NW11;Greater London;;GL
Golders Hill Park;NW11;Greater London;;GL
Goldhawk Road;W12;Greater London;;GL
Goldhawk Road;W6;Greater London;;GL
Goodge Street;W1;Greater London;;GL
Gospel Oak;NW5;Greater London;;GL
Goswell Road;EC1;Greater London;;GL
Grange Park;N21;Greater London;;GL
Great North Way;NW4;Greater London;;GL
Great Portland Street;W1;Greater London;;GL
Great West Road;W4;Greater London;;GL
Green Park;SW1;Greater London;;GL
Green Street Green;BR6;Greater London;;GL
Greenford;UB6;Greater London;;GL
Greenhill;HA1;Greater London;;GL
Greenwich;SE10;Greater London;;GL
Grove Park;SE12;Greater London;;GL
Grove Park;W4;Greater London;;GL
Gunnersbury;W4;Greater London;;GL
Hackney;E2;Greater London;;GL
Hackney;E8;Greater London;;GL
Hackney Marshes;E5;Greater London;;GL
Hackney Wick;E9;Greater London;;GL
Hadley Wood;EN4;Greater London;;GL
Haggerston;E2;Greater London;;GL
Hainault;IG6;Greater London;;GL
Hale End;E4;Greater London;;GL
Ham;TW10;Greater London;;GL
Ham House;TW10;Greater London;;GL
Hammersmith;W14;Greater London;;GL
Hammersmith;W6;Greater London;;GL
Hammersmith & Fulham;W5;Greater London;;GL
Hampstead;NW3;Greater London;;GL
Hampstead Garden Suburb;N2;Greater London;;GL
Hampstead Garden Suburb;NW11;Greater London;;GL
Hampstead Heath;NW3;Greater London;;GL
Hampton;TW12;Greater London;;GL
Hanger Lane;W5;Greater London;;GL
Hanwell;W7;Greater London;;GL
Hanworth;TW13;Greater London;;GL
Harefield;UB9;Greater London;;GL
Haringey;N8;Greater London;;GL
Harlesden;NW10;Greater London;;GL
Harmondsworth;UB7;Greater London;;GL
Harold Hill;RM3;Greater London;;GL
Harold Wood;RM3;Greater London;;GL
Harringay;N4;Greater London;;GL
Harringay;N8;Greater London;;GL
Harrow;HA2;Greater London;;GL
Harrow (N, W and S);HA2;Greater London;;GL
Harrow on the Hill;HA1;Greater London;;GL
Harrow Weald;HA3;Greater London;;GL
Hatch End;HA5;Greater London;;GL
Hatton;TW14;Greater London;;GL
Havering;RM12;Greater London;;GL
Havering-atte-Bower;RM4;Greater London;;GL
Haydons Road;SW19;Greater London;;GL
Hayes;BR2;Greater London;;GL
Hayes;UB3;Greater London;;GL
Hayes;UB8;Greater London;;GL
Hazelwood;TN14;Greater London;;GL
Hendon;NW4;Greater London;;GL
Hendon Central;NW4;Greater London;;GL
Herne Hill;SE24;Greater London;;GL
Heron Quays;E14;Greater London;;GL
Heston;TW5;Greater London;;GL
High Barnet;EN5;Greater London;;GL
High Holborn;WC1;Greater London;;GL
High Street Kensington;W8;Greater London;;GL
Higham Hill;E17;Greater London;;GL
Highams Park;E4;Greater London;;GL
Highbury;N5;Greater London;;GL
Highbury and Islington;N5;Greater London;;GL
Highgate;N6;Greater London;;GL
Highgate Wood;N6;Greater London;;GL
Highwood Hill;N20;Greater London;;GL
Hillingdon;UB10;Greater London;;GL
Hither Green;SE13;Greater London;;GL
Holborn;EC1;Greater London;;GL
Holborn;WC1;Greater London;;GL
Holborn;WC2;Greater London;;GL
Holborn Viaduct;EC1;Greater London;;GL
Holders Hill;NW4;Greater London;;GL
Holland Park;W11;Greater London;;GL
Holland Park;W8;Greater London;;GL
Holloway;N7;Greater London;;GL
Holloway Road;N19;Greater London;;GL
Holloway Road;N7;Greater London;;GL
Homerton;E9;Greater London;;GL
Honor Oak;SE22;Greater London;;GL
Honor Oak Park;SE23;Greater London;;GL
Hook;KT9;Greater London;;GL
Hornchurch;RM12;Greater London;;GL
Horniman Museum;SE23;Greater London;;GL
Hornsey;N8;Greater London;;GL
Hornsey Lane;N6;Greater London;;GL
Hornsey Rise;N19;Greater London;;GL
Hornsey Vale;N8;Greater London;;GL
Horseferry Road;SW1;Greater London;;GL
Hounslow;TW3;Greater London;;GL
Hounslow;TW4;Greater London;;GL
Hounslow Central;TW3;Greater London;;GL
Hounslow East;TW3;Greater London;;GL
Hounslow West;TW3;Greater London;;GL
Hoxton;N1;Greater London;;GL
Hyde Park;W2;Greater London;;GL
Hyde Park;W8;Greater London;;GL
Hyde Park Corner;SW1;Greater London;;GL
Ickenham;UB10;Greater London;;GL
Ilford;IG1;Greater London;;GL
Island Gardens;E14;Greater London;;GL
Isleworth;TW7;Greater London;;GL
Islington;N1;Greater London;;GL
Islington;N7;Greater London;;GL
Kenley;CR8;Greater London;;GL
Kennington;SE11;Greater London;;GL
Kennington;SE17;Greater London;;GL
Kensal Green;NW10;Greater London;;GL
Kensal Rise;NW10;Greater London;;GL
Kensal Rise;NW6;Greater London;;GL
Kensal Town;W10;Greater London;;GL
Kensington;W8;Greater London;;GL
Kensington & Chelsea;W14;Greater London;;GL
Kensington Gore;SW7;Greater London;;GL
Kentish Town;NW5;Greater London;;GL
Kenwood House;N6;Greater London;;GL
Keston;BR2;Greater London;;GL
Kew;TW9;Greater London;;GL
Kew Gardens;TW9;Greater London;;GL
Kidbrooke;SE3;Greater London;;GL
Kilburn;NW6;Greater London;;GL
Kilburn Park;NW6;Greater London;;GL
King's Cross;WC1;Greater London;;GL
Kingsbury;HA3;Greater London;;GL
Kingsbury;NW9;Greater London;;GL
Kingsland;N1;Greater London;;GL
Kingston upon Thames;KT1;Greater London;;GL
Kingston upon Thames;TW10;Greater London;;GL
Knightsbridge;SW1;Greater London;;GL
Knockholt Station;BR6;Greater London;;GL
Ladbroke Grove;W10;Greater London;;GL
Ladbroke Grove;W11;Greater London;;GL
Ladywell;SE13;Greater London;;GL
Ladywell;SE4;Greater London;;GL
Lambeth;SE1;Greater London;;GL
Lambeth;SE11;Greater London;;GL
Lambeth;SW4;Greater London;;GL
Lambeth North;SE1;Greater London;;GL
Lancaster Gate;W2;Greater London;;GL
Latimer Road;W10;Greater London;;GL
Lavender Hill;SW11;Greater London;;GL
Lea Bridge;E10;Greater London;;GL
Lea Bridge;E5;Greater London;;GL
Leaves Green;BR2;Greater London;;GL
Lee;SE12;Greater London;;GL
Lee Green;SE12;Greater London;;GL
Leicester Square;WC2;Greater London;;GL
Lesnes Abbey;SE2;Greater London;;GL
Lewisham;SE13;Greater London;;GL
Lewisham;SE22;Greater London;;GL
Leyton;E10;Greater London;;GL
Leyton Marshes;E10;Greater London;;GL
Leytonstone;E11;Greater London;;GL
Limehouse;E14;Greater London;;GL
Lisson Grove;NW8;Greater London;;GL
Little Ilford;E12;Greater London;;GL
Liverpool Street;EC2;Greater London;;GL
Locksbottom;BR6;Greater London;;GL
London Arena;E14;Greater London;;GL
London Bridge;SE1;Greater London;;GL
London Wall;EC2;Greater London;;GL
Longford;UB7;Greater London;;GL
Loughborough Junction;SW9;Greater London;;GL
Lower Clapton;E5;Greater London;;GL
Lower Edmonton;N9;Greater London;;GL
Lower Holloway;N7;Greater London;;GL
Lower Place;NW10;Greater London;;GL
Lower Sydenham;SE26;Greater London;;GL
Ludgate Hill;EC4;Greater London;;GL
Maida Hill;W9;Greater London;;GL
Maida Vale;NW6;Greater London;;GL
Maida Vale;W9;Greater London;;GL
Malden;KT4;Greater London;;GL
Malden Rushett;KT9;Greater London;;GL
Manor House;N4;Greater London;;GL
Manor Park;E12;Greater London;;GL
Mansion House;EC4;Greater London;;GL
Marble Arch;W1;Greater London;;GL
Marble Hill;TW1;Greater London;;GL
Marks Gate;RM6;Greater London;;GL
Marylebone;NW1;Greater London;;GL
Marylebone;W1;Greater London;;GL
Marylebone;W1M;Greater London;;GL
Mayfair;W1;Greater London;;GL
Merton;SM4;Greater London;;GL
Merton;SW19;Greater London;;GL
Merton;SW20;Greater London;;GL
Mile End;E3;Greater London;;GL
Mile End Road;E1;Greater London;;GL
Mill Hill;NW7;Greater London;;GL
Mill Hill East;NW7;Greater London;;GL
Millwall;E14;Greater London;;GL
Mitcham;CR4;Greater London;;GL
Monken Hadley;EN5;Greater London;;GL
Monument;EC3;Greater London;;GL
Moorgate;EC2;Greater London;;GL
Morden;SM4;Greater London;;GL
Morden Hall Park;SM4;Greater London;;GL
Mornington Crescent;NW1;Greater London;;GL
Mortlake;SW14;Greater London;;GL
Mottingham;SE9;Greater London;;GL
Mudchute;E14;Greater London;;GL
Muswell Hill;N10;Greater London;;GL
Muswell Hill;N2;Greater London;;GL
Neasden;NW10;Greater London;;GL
New Addington;CR0;Greater London;;GL
New Barnet;EN5;Greater London;;GL
New Cross;SE14;Greater London;;GL
New Cross Gate;SE14;Greater London;;GL
New Eltham;SE9;Greater London;;GL
New Kent Road;SE1;Greater London;;GL
New Malden;KT3;Greater London;;GL
New Southgate;N11;Greater London;;GL
Newham;E13;Greater London;;GL
Newington;SE1;Greater London;;GL
Newington Green;N1;Greater London;;GL
Newington Green;N16;Greater London;;GL
Nine Elms;SW8;Greater London;;GL
Noak Hill;RM4;Greater London;;GL
Noel Park;N22;Greater London;;GL
Norbiton;KT2;Greater London;;GL
Norbury;SW16;Greater London;;GL
North Acton;NW10;Greater London;;GL
North Cray;DA14;Greater London;;GL
North Dulwich;SE24;Greater London;;GL
North Ealing;W5;Greater London;;GL
North End;NW11;Greater London;;GL
North Finchley;N12;Greater London;;GL
North Harrow;HA2;Greater London;;GL
North Kensington;W10;Greater London;;GL
North Ockendon;RM14;Greater London;;GL
North Woolwich;E16;Greater London;;GL
Northfields;W13;Greater London;;GL
Northolt;UB5;Greater London;;GL
Northwood;HA6;Greater London;;GL
Norwood;SE19;Greater London;;GL
Norwood Green;UB2;Greater London;;GL
Norwood Junction;SE25;Greater London;;GL
Notting Hill;W11;Greater London;;GL
Notting Hill Gate;W11;Greater London;;GL
Nunhead;SE15;Greater London;;GL
Oakleigh Park;N20;Greater London;;GL
Oakwood;N14;Greater London;;GL
Old Ford;E3;Greater London;;GL
Old Kent Road;SE1;Greater London;;GL
Old Oak Common;NW10;Greater London;;GL
Old Street;EC1;Greater London;;GL
Olympia;W14;Greater London;;GL
Orpington;BR6;Greater London;;GL
Osidge;N14;Greater London;;GL
Osterley;TW7;Greater London;;GL
Osterley Park;TW7;Greater London;;GL
Oval;SE11;Greater London;;GL
Oxford Circus;W1;Greater London;;GL
Oxford Street;W1;Greater London;;GL
Paddington;W2;Greater London;;GL
Paddington;W9;Greater London;;GL
Palmers Green;N13;Greater London;;GL
Palmers Green;N14;Greater London;;GL
Park Lane;W1;Greater London;;GL
Park Royal;NW10;Greater London;;GL
Parsons Green;SW6;Greater London;;GL
Peckham;SE15;Greater London;;GL
Peckham Rye;SE15;Greater London;;GL
Penge;SE20;Greater London;;GL
Pentonville;N1;Greater London;;GL
Perivale;UB6;Greater London;;GL
Piccadilly Circus;W1;Greater London;;GL
Pimlico;SW1;Greater London;;GL
Pinner;HA5;Greater London;;GL
Pinner Green;HA5;Greater London;;GL
Plaistow;E13;Greater London;;GL
Plashet;E7;Greater London;;GL
Plumstead;SE18;Greater London;;GL
Ponders End;EN3;Greater London;;GL
Poplar;E14;Greater London;;GL
Pratt's Bottom;BR6;Greater London;;GL
Primrose Hill;NW3;Greater London;;GL
Pudding Mill Lane;E15;Greater London;;GL
Purley;CR8;Greater London;;GL
Putney;SW15;Greater London;;GL
Putney Bridge;SW6;Greater London;;GL
Putney Heath;SW15;Greater London;;GL
Putney Vale;SW15;Greater London;;GL
Queen's Gate;SW7;Greater London;;GL
Queen's Park;NW6;Greater London;;GL
Queens Road;SW8;Greater London;;GL
Queensway;W2;Greater London;;GL
Rainham;RM13;Greater London;;GL
Ranger's House;SE10;Greater London;;GL
Ravenscourt Park;W6;Greater London;;GL
Raynes Park;SW20;Greater London;;GL
Redbridge;IG2;Greater London;;GL
Regent Street;W1;Greater London;;GL
Regents Park;NW1;Greater London;;GL
Regent's Park;NW1;Greater London;;GL
Richmond;TW9;Greater London;;GL
Richmond Park;TW10;Greater London;;GL
Richmond upon Thames;TW10;Greater London;;GL
Riverside;SE28;Greater London;;GL
Rocks Lane;SW13;Greater London;;GL
Roehampton;SW15;Greater London;;GL
Romford;RM1;Greater London;;GL
Rotherhithe;E1;Greater London;;GL
Rotherhithe;SE16;Greater London;;GL
Royal Oak;W2;Greater London;;GL
Ruislip;HA4;Greater London;;GL
Ruislip Common;HA6;Greater London;;GL
Rush Green;RM7;Greater London;;GL
Russell Square;WC1;Greater London;;GL
Rye Lane;SE15;Greater London;;GL
Sanderstead;CR2;Greater London;;GL
Sands End;SW6;Greater London;;GL
Selsdon;CR2;Greater London;;GL
Seven Kings;IG3;Greater London;;GL
Seven Sisters;N15;Greater London;;GL
Seven Sisters Road;N7;Greater London;;GL
Shacklewell;E8;Greater London;;GL
Shadwell;E1;Greater London;;GL
Shaftesbury Avenue;WC2;Greater London;;GL
Shepherds Bush;W12;Greater London;;GL
Shirley;CR0;Greater London;;GL
Shooter's Hill;DA16;Greater London;;GL
Shooter's Hill;SE18;Greater London;;GL
Shoreditch;E1;Greater London;;GL
Shoreditch;EC2;Greater London;;GL
Shoreditch;N1;Greater London;;GL
Sidcup;DA14;Greater London;;GL
Silvertown;E16;Greater London;;GL
Sipson;UB7;Greater London;;GL
Slade Green;DA8;Greater London;;GL
Sloane Square;SW1;Greater London;;GL
Smithfield;EC1;Greater London;;GL
Snaresbrook;E11;Greater London;;GL
Soho;W1;Greater London;;GL
Somers Town;NW1;Greater London;;GL
South Acton;W3;Greater London;;GL
South Bank;SE1;Greater London;;GL
South Beddington;SM6;Greater London;;GL
South Ealing;W5;Greater London;;GL
South Hackney;E9;Greater London;;GL
South Hampstead;NW6;Greater London;;GL
South Harrow;HA2;Greater London;;GL
South Hornchurch;RM13;Greater London;;GL
South Kensington;SW7;Greater London;;GL
South Lambeth;SW8;Greater London;;GL
South Norwood;SE25;Greater London;;GL
South Quay;E14;Greater London;;GL
South Tottenham;N15;Greater London;;GL
South Wimbledon;SW19;Greater London;;GL
South Woodford;E18;Greater London;;GL
Southall;UB1;Greater London;;GL
Southfields;SW18;Greater London;;GL
Southgate;N14;Greater London;;GL
Southgate;N21;Greater London;;GL
Southwark;SE1;Greater London;;GL
Southwark;SE5;Greater London;;GL
Southwark Cathedral;SE1;Greater London;;GL
Spitalfields;E1;Greater London;;GL
St James's Park;SW1;Greater London;;GL
St John's;SE8;Greater London;;GL
St John's Wood;NW8;Greater London;;GL
St Luke's;EC1;Greater London;;GL
St Mary Cray;BR5;Greater London;;GL
St Pancras;NW1;Greater London;;GL
St Pancras;WC1;Greater London;;GL
St Paul's;EC4;Greater London;;GL
St Paul's Cray;BR5;Greater London;;GL
Stamford Brook;W6;Greater London;;GL
Stamford Hill;N15;Greater London;;GL
Stamford Hill;N16;Greater London;;GL
Stanmore;HA7;Greater London;;GL
Stepney;E1;Greater London;;GL
Stepney Green;E1;Greater London;;GL
Stockwell;SW4;Greater London;;GL
Stockwell;SW9;Greater London;;GL
Stoke Newington;N16;Greater London;;GL
Stonebridge;NW10;Greater London;;GL
Stonebridge Park;NW10;Greater London;;GL
Strand;WC2;Greater London;;GL
Stratford;E15;Greater London;;GL
Stratford Marsh;E15;Greater London;;GL
Streatham;SW16;Greater London;;GL
Streatham Common;SW16;Greater London;;GL
Streatham Hill;SW2;Greater London;;GL
Stroud Green;N4;Greater London;;GL
Sudbury;HA0;Greater London;;GL
Summerstown;SW17;Greater London;;GL
Surbiton;KT6;Greater London;;GL
Surrey Quays;SE16;Greater London;;GL
Sutton;SM2;Greater London;;GL
Swiss Cottage;NW3;Greater London;;GL
Sydenham;SE26;Greater London;;GL
Sydenham Hill;SE21;Greater London;;GL
Syon House;TW8;Greater London;;GL
Teddington;TW11;Greater London;;GL
Temple;WC2;Greater London;;GL
Temple Mills;E15;Greater London;;GL
Thamesmead;SE2;Greater London;;GL
Thamesmead;SE28;Greater London;;GL
The Hyde;NW9;Greater London;;GL
The Wrythe;SM5;Greater London;;GL
Tolworth;KT6;Greater London;;GL
Tooting Bec;SW17;Greater London;;GL
Tooting Broadway;SW17;Greater London;;GL
Tooting Graveney;SW17;Greater London;;GL
Tottenham;N17;Greater London;;GL
Tottenham Court Road;W1;Greater London;;GL
Tottenham Hale;N17;Greater London;;GL
Totteridge;N20;Greater London;;GL
Totteridge &#40 Whetstone;N20;Greater London;;GL
Tower Hamlets;E2;Greater London;;GL
Tower Hill;EC3;Greater London;;GL
Tower of London;EC3R;Greater London;;GL
Trafalgar Square;WC2;Greater London;;GL
Trent Park;EN4;Greater London;;GL
Tufnell Park;N7;Greater London;;GL
Tulse Hill;SE27;Greater London;;GL
Tulse Hill;SW2;Greater London;;GL
Turnham Green;W4;Greater London;;GL
Turnpike Lane;N8;Greater London;;GL
Twickenham;TW1;Greater London;;GL
Upminster;RM14;Greater London;;GL
Upper Clapton;E5;Greater London;;GL
Upper Edmonton;N18;Greater London;;GL
Upper Holloway;N19;Greater London;;GL
Upper Norwood;SE19;Greater London;;GL
Upper Sydenham;SE26;Greater London;;GL
Upper Tooting;SW17;Greater London;;GL
Upper Walthamstow;E17;Greater London;;GL
Upton;E7;Greater London;;GL
Upton Park;E6;Greater London;;GL
Uxbridge;UB8;Greater London;;GL
Uxbridge Road;W5;Greater London;;GL
Vauxhall;SE11;Greater London;;GL
Vauxhall;SW8;Greater London;;GL
Vauxhall Bridge;SW1;Greater London;;GL
Victoria;SW1;Greater London;;GL
Victoria Docks;E16;Greater London;;GL
Victoria Park;E9;Greater London;;GL
Wallington;SM6;Greater London;;GL
Waltham Forest;N17;Greater London;;GL
Walthamstow;E17;Greater London;;GL
Walthamstow Central;E17;Greater London;;GL
Walworth;SE17;Greater London;;GL
Wandsworth;SW18;Greater London;;GL
Wandsworth Common;SW12;Greater London;;GL
Wandsworth Road;SW8;Greater London;;GL
Wandsworth Town;SW18;Greater London;;GL
Wanstead;E11;Greater London;;GL
Wanstead Park;E7;Greater London;;GL
Wapping;E1;Greater London;;GL
Warren Street;W1;Greater London;;GL
Warwick Avenue;W2;Greater London;;GL
Warwick Park;W9;Greater London;;GL
Waterloo;SE1;Greater London;;GL
Wealdstone;HA3;Greater London;;GL
Well Hall;SE9;Greater London;;GL
Welling;DA16;Greater London;;GL
Wembley;HA0;Greater London;;GL
Wennington;RM13;Greater London;;GL
West Acton;W3;Greater London;;GL
West Brompton;SW5;Greater London;;GL
West Drayton;UB7;Greater London;;GL
West Dulwich;SE21;Greater London;;GL
West Ealing;W13;Greater London;;GL
West Finchley;N3;Greater London;;GL
West Green;N17;Greater London;;GL
West Ham;E13;Greater London;;GL
West Hampstead;NW6;Greater London;;GL
West Harrow;HA2;Greater London;;GL
West Heath;SE2;Greater London;;GL
West Hendon;NW9;Greater London;;GL
West Hill;SW18;Greater London;;GL
West India Quay;E14;Greater London;;GL
West Kensington;W14;Greater London;;GL
West Kilburn;W10;Greater London;;GL
West Norwood;SE27;Greater London;;GL
West Wickham;BR4;Greater London;;GL
Westbourne Green;W9;Greater London;;GL
Westbourne Grove;W2;Greater London;;GL
Westbourne Park;W10;Greater London;;GL
Western Avenue;W12;Greater London;;GL
Western Avenue;W3;Greater London;;GL
Westferry;E14;Greater London;;GL
Westminster;SW1;Greater London;;GL
Westminster Abbey;SW1A;Greater London;;GL
Westminster Bridge;SE1;Greater London;;GL
Westway;W12;Greater London;;GL
Whetstone;N20;Greater London;;GL
White City;W12;Greater London;;GL
White Hart Lane;N17;Greater London;;GL
Whitechapel;E1;Greater London;;GL
Willesden;NW10;Greater London;;GL
Willesden Green;NW10;Greater London;;GL
Willesden Junction;NW10;Greater London;;GL
Wimbledon;SW19;Greater London;;GL
Wimbledon Common;SW15;Greater London;;GL
Wimbledon Park;SW19;Greater London;;GL
Winchmore Hill;N21;Greater London;;GL
Wood Green;N22;Greater London;;GL
Woodford;IG8;Greater London;;GL
Woodford Bridge;IG8;Greater London;;GL
Woodford Green;IG8;Greater London;;GL
Woodside;SE25;Greater London;;GL
Woodside Park;N12;Greater London;;GL
Woolwich;SE18;Greater London;;GL
Worcester Park;KT4;Greater London;;GL
Yeading;UB4;Greater London;;GL
Yiewsley;UB7;Greater London;;GL
Abram;WN2;Greater Manchester;;GM
Ainsworth;BL2;Greater Manchester;;GM
Altrincham;WA14;Greater Manchester;;GM
Ashton upon Mersey;M33;Greater Manchester;;GM
Ashton-in-Makerfield;WN4;Greater Manchester;;GM
Ashton-under-Lyne;OL7;Greater Manchester;;GM
Aspull;WN2;Greater Manchester;;GM
Astley Bridge;BL1;Greater Manchester;;GM
Astley Green;M29;Greater Manchester;;GM
Atherton;M46;Greater Manchester;;GM
Audenshaw;M34;Greater Manchester;;GM
Baguley;M23;Greater Manchester;;GM
Bardsley;OL8;Greater Manchester;;GM
Birch;M24;Greater Manchester;;GM
Blackrod;BL6;Greater Manchester;;GM
Bleak Hey Nook;OL3;Greater Manchester;;GM
Bolton;BL1;Greater Manchester;;GM
Boothstown;M28;Greater Manchester;;GM
Bowdon;WA14;Greater Manchester;;GM
Bradshaw;BL2;Greater Manchester;;GM
Bramhall;SK7;Greater Manchester;;GM
Bredbury;SK6;Greater Manchester;;GM
Broadbottom;SK14;Greater Manchester;;GM
Broadheath;WA14;Greater Manchester;;GM
Broughton;M7;Greater Manchester;;GM
Bryn;WN4;Greater Manchester;;GM
Bryn Gates;WN2;Greater Manchester;;GM
Burnage;M19;Greater Manchester;;GM
Bury;BL9;Greater Manchester;;GM
Cadishead;M44;Greater Manchester;;GM
Calderbrook;OL15;Greater Manchester;;GM
Carrington;M31;Greater Manchester;;GM
Castleton;OL11;Greater Manchester;;GM
Chadderton;OL9;Greater Manchester;;GM
Cheadle;SK8;Greater Manchester;;GM
Cheadle Hulme;SK8;Greater Manchester;;GM
Cheesden;OL12;Greater Manchester;;GM
Cheetham Hill;M8;Greater Manchester;;GM
Chorlton-cum-Hardy;M21;Greater Manchester;;GM
Clough;OL15;Greater Manchester;;GM
Compstall;SK6;Greater Manchester;;GM
Crompton Fold;OL2;Greater Manchester;;GM
Daubhill;BL3;Greater Manchester;;GM
Delph;OL3;Greater Manchester;;GM
Denshaw;OL3;Greater Manchester;;GM
Denton;M34;Greater Manchester;;GM
Didsbury;M20;Greater Manchester;;GM
Diggle;OL3;Greater Manchester;;GM
Droylsden;M43;Greater Manchester;;GM
Dukinfield;SK16;Greater Manchester;;GM
Dunham Town;WA14;Greater Manchester;;GM
Eagley;BL1;Greater Manchester;;GM
Eccles;M30;Greater Manchester;;GM
Egerton;BL7;Greater Manchester;;GM
Failsworth;M35;Greater Manchester;;GM
Farnworth;BL4;Greater Manchester;;GM
Firgrove;OL16;Greater Manchester;;GM
Fishpool;BL9;Greater Manchester;;GM
Flixton;M41;Greater Manchester;;GM
Gathurst;WN5;Greater Manchester;;GM
Gatley;SK8;Greater Manchester;;GM
Gee Cross;SK14;Greater Manchester;;GM
Golborne;WA3;Greater Manchester;;GM
Gorton;M18;Greater Manchester;;GM
Grasscroft;OL4;Greater Manchester;;GM
Greenfield;OL3;Greater Manchester;;GM
Greenmount;BL8;Greater Manchester;;GM
Haigh;WN2;Greater Manchester;;GM
Hale;WA15;Greater Manchester;;GM
Halebarns;WA15;Greater Manchester;;GM
Harpurhey;M9;Greater Manchester;;GM
Harwood;BL2;Greater Manchester;;GM
Haughton Green;M34;Greater Manchester;;GM
Hazel Grove;SK7;Greater Manchester;;GM
Heald Green;SK8;Greater Manchester;;GM
Heaton Moor;SK4;Greater Manchester;;GM
Heaviley;SK2;Greater Manchester;;GM
Heyside;OL2;Greater Manchester;;GM
Heywood;OL10;Greater Manchester;;GM
Higher Blackley;M9;Greater Manchester;;GM
Higher Green;M29;Greater Manchester;;GM
Hindley;WN2;Greater Manchester;;GM
Hindley Green;WN2;Greater Manchester;;GM
Hollingworth;SK14;Greater Manchester;;GM
Hollins;BL9;Greater Manchester;;GM
Horwich;BL6;Greater Manchester;;GM
Hurst;OL6;Greater Manchester;;GM
Hyde;SK14;Greater Manchester;;GM
Ince-in-Makerfield;WN3;Greater Manchester;;GM
Irlam;M44;Greater Manchester;;GM
Kearsley;BL4;Greater Manchester;;GM
Kenyon;WA3;Greater Manchester;;GM
Lane Head;WA3;Greater Manchester;;GM
Lately Common;WN7;Greater Manchester;;GM
Lees;OL4;Greater Manchester;;GM
Leigh;WN7;Greater Manchester;;GM
Levenshulme;M12;Greater Manchester;;GM
Limefield;BL9;Greater Manchester;;GM
Little Hulton;M38;Greater Manchester;;GM
Little Lever;BL3;Greater Manchester;;GM
Littleborough;OL15;Greater Manchester;;GM
Lostock Junction;BL6;Greater Manchester;;GM
Lowton;WA3;Greater Manchester;;GM
Lowton Common;WA3;Greater Manchester;;GM
Manchester;M1;Greater Manchester;;GM
Manchester;M2;Greater Manchester;;GM
Manchester;M3;Greater Manchester;;GM
Manchester;M60;Greater Manchester;;GM
Marple;SK6;Greater Manchester;;GM
Marylebone;WN1;Greater Manchester;;GM
Mellor;SK6;Greater Manchester;;GM
Micklehurst;OL5;Greater Manchester;;GM
Middleton;M24;Greater Manchester;;GM
Milnrow;OL16;Greater Manchester;;GM
Moorside;OL4;Greater Manchester;;GM
Moss Nook;M22;Greater Manchester;;GM
Mossley;OL5;Greater Manchester;;GM
Mottram in Longdendale;SK14;Greater Manchester;;GM
Newhey;OL16;Greater Manchester;;GM
Newton;SK14;Greater Manchester;;GM
Offerton;SK2;Greater Manchester;;GM
Oldham;OL1;Greater Manchester;;GM
Orrell;WN5;Greater Manchester;;GM
Partington;M31;Greater Manchester;;GM
Pendlebury;M27;Greater Manchester;;GM
Prestolee;M26;Greater Manchester;;GM
Prestwich;M25;Greater Manchester;;GM
Radcliffe;M26;Greater Manchester;;GM
Ramsbottom;BL0;Greater Manchester;;GM
Red Rock;WN2;Greater Manchester;;GM
Reddish;SK5;Greater Manchester;;GM
Rochdale;OL16;Greater Manchester;;GM
Romiley;SK6;Greater Manchester;;GM
Royton;OL2;Greater Manchester;;GM
Rusholm;M13;Greater Manchester;;GM
Sale;M33;Greater Manchester;;GM
Salford;M5;Greater Manchester;;GM
Shaw;OL2;Greater Manchester;;GM
Shawclough;OL12;Greater Manchester;;GM
Shevington;WN6;Greater Manchester;;GM
Shevington Moor;WN6;Greater Manchester;;GM
Shuttleworth;BL0;Greater Manchester;;GM
Slattocks;OL11;Greater Manchester;;GM
Smallbridge;OL16;Greater Manchester;;GM
Stalybridge;SK15;Greater Manchester;;GM
Standish;WN6;Greater Manchester;;GM
Stockport;SK1;Greater Manchester;;GM
Stockport;SK2;Greater Manchester;;GM
Stockport;SK3;Greater Manchester;;GM
Stretford;M32;Greater Manchester;;GM
Summerseat;BL9;Greater Manchester;;GM
Summit;OL15;Greater Manchester;;GM
Swinton;M27;Greater Manchester;;GM
Syke;OL12;Greater Manchester;;GM
Timperley;WA15;Greater Manchester;;GM
Toppings;BL7;Greater Manchester;;GM
Tottington;BL8;Greater Manchester;;GM
Trafford Park;M17;Greater Manchester;;GM
Tyldesley;M29;Greater Manchester;;GM
Uppermill;OL3;Greater Manchester;;GM
Urmston;M41;Greater Manchester;;GM
Walkden;M28;Greater Manchester;;GM
Walmersley;BL9;Greater Manchester;;GM
Warburton;WA13;Greater Manchester;;GM
Wardle;OL12;Greater Manchester;;GM
Westhoughton;BL5;Greater Manchester;;GM
Westleigh;WN7;Greater Manchester;;GM
Whitefield;M45;Greater Manchester;;GM
Wigan;WN1;Greater Manchester;;GM
Wingates;BL5;Greater Manchester;;GM
Withington;M20;Greater Manchester;;GM
Wolstenholme;OL12;Greater Manchester;;GM
Woodford;SK7;Greater Manchester;;GM
Worsley;M28;Greater Manchester;;GM
Alverton;NG13;Nottinghamshire;;NO
Annesley;NG15;Nottinghamshire;;NO
Annesley Woodhouse;NG15;Nottinghamshire;;NO
Arnold;NG5;Nottinghamshire;;NO
Askham;NG22;Nottinghamshire;;NO
Aslockton;NG13;Nottinghamshire;;NO
Attenborough;NG9;Nottinghamshire;;NO
Averham;NG23;Nottinghamshire;;NO
Awsworth;NG16;Nottinghamshire;;NO
Babworth;DN22;Nottinghamshire;;NO
Bagthorpe;NG16;Nottinghamshire;;NO
Balderton;NG24;Nottinghamshire;;NO
Barnby in the Willows;NG24;Nottinghamshire;;NO
Barnby Moor;DN22;Nottinghamshire;;NO
Barnstone;NG13;Nottinghamshire;;NO
Barton in Fabis;NG11;Nottinghamshire;;NO
Bassingfield;NG12;Nottinghamshire;;NO
Bathley;NG23;Nottinghamshire;;NO
Beckingham;DN10;Nottinghamshire;;NO
Beeston;NG9;Nottinghamshire;;NO
Besthorpe;NG23;Nottinghamshire;;NO
Bevercotes;NG22;Nottinghamshire;;NO
Bilborough;NG8;Nottinghamshire;;NO
Bilsthorpe;NG22;Nottinghamshire;;NO
Bingham;NG13;Nottinghamshire;;NO
Bircotes;DN11;Nottinghamshire;;NO
Bleasby;NG14;Nottinghamshire;;NO
Blidworth;NG21;Nottinghamshire;;NO
Blyth;S81;Nottinghamshire;;NO
Bole;DN22;Nottinghamshire;;NO
Bothamsall;DN22;Nottinghamshire;;NO
Boughton;NG22;Nottinghamshire;;NO
Bradmore;NG11;Nottinghamshire;;NO
Bramcote;NG9;Nottinghamshire;;NO
Brinsley;NG16;Nottinghamshire;;NO
Brough;NG23;Nottinghamshire;;NO
Budby;NG22;Nottinghamshire;;NO
Bulwell;NG6;Nottinghamshire;;NO
Bunny;NG11;Nottinghamshire;;NO
Burton Joyce;NG14;Nottinghamshire;;NO
Butler's Hill;NG15;Nottinghamshire;;NO
Calverton;NG14;Nottinghamshire;;NO
Car Colston;NG13;Nottinghamshire;;NO
Carburton;S80;Nottinghamshire;;NO
Carlton;NG4;Nottinghamshire;;NO
Carlton in Lindrick;S81;Nottinghamshire;;NO
Carlton-on-Trent;NG23;Nottinghamshire;;NO
Caunton;NG23;Nottinghamshire;;NO
Caythorpe;NG14;Nottinghamshire;;NO
Church Warsop;NG20;Nottinghamshire;;NO
Clarborough;DN22;Nottinghamshire;;NO
Clayworth;DN22;Nottinghamshire;;NO
Clifton;NG11;Nottinghamshire;;NO
Clipstone;NG21;Nottinghamshire;;NO
Clipston-on-the-Wolds;NG12;Nottinghamshire;;NO
Coddington;NG24;Nottinghamshire;;NO
Collingham;NG23;Nottinghamshire;;NO
Colston Bassett;NG12;Nottinghamshire;;NO
Colwick;NG4;Nottinghamshire;;NO
Cossall;NG16;Nottinghamshire;;NO
Costock;LE12;Nottinghamshire;;NO
Cotgrave;NG12;Nottinghamshire;;NO
Cotham;NG23;Nottinghamshire;;NO
Cottam;DN22;Nottinghamshire;;NO
Cromwell;NG23;Nottinghamshire;;NO
Cropwell Bishop;NG12;Nottinghamshire;;NO
Cropwell Butler;NG12;Nottinghamshire;;NO
Cuckney;NG20;Nottinghamshire;;NO
Darlton;NG22;Nottinghamshire;;NO
Dorket Head;NG5;Nottinghamshire;;NO
Dunham;NG22;Nottinghamshire;;NO
Eakring;NG22;Nottinghamshire;;NO
East Bridgford;NG13;Nottinghamshire;;NO
East Drayton;DN22;Nottinghamshire;;NO
East Leake;LE12;Nottinghamshire;;NO
East Markham;NG22;Nottinghamshire;;NO
East Stoke;NG23;Nottinghamshire;;NO
Easthorpe;NG25;Nottinghamshire;;NO
Eastwood;NG16;Nottinghamshire;;NO
Eaton;DN22;Nottinghamshire;;NO
Edingley;NG22;Nottinghamshire;;NO
Edwalton;NG12;Nottinghamshire;;NO
Edwinstowe;NG21;Nottinghamshire;;NO
Egmanton;NG22;Nottinghamshire;;NO
Elkesley;DN22;Nottinghamshire;;NO
Elston;NG23;Nottinghamshire;;NO
Elton;NG13;Nottinghamshire;;NO
Epperstone;NG14;Nottinghamshire;;NO
Everton;DN10;Nottinghamshire;;NO
Farndon;NG24;Nottinghamshire;;NO
Farnsfield;NG22;Nottinghamshire;;NO
Fiskerton;NG25;Nottinghamshire;;NO
Flawborough;NG13;Nottinghamshire;;NO
Flintham;NG23;Nottinghamshire;;NO
Forest Town;NG19;Nottinghamshire;;NO
Gamston;DN22;Nottinghamshire;;NO
Gamston;NG2;Nottinghamshire;;NO
Gateford;S81;Nottinghamshire;;NO
Gedling;NG4;Nottinghamshire;;NO
Girton;NG23;Nottinghamshire;;NO
Gonalston;NG14;Nottinghamshire;;NO
Gotham;NG11;Nottinghamshire;;NO
Granby;NG13;Nottinghamshire;;NO
Grassthorpe;NG23;Nottinghamshire;;NO
Gringley 0n the Hill;DN10;Nottinghamshire;;NO
Grove;DN22;Nottinghamshire;;NO
Gunthorpe;NG14;Nottinghamshire;;NO
Halam;NG22;Nottinghamshire;;NO
Halloughton;NG25;Nottinghamshire;;NO
Harby;NG23;Nottinghamshire;;NO
Harwell;DN10;Nottinghamshire;;NO
Harworth;DN11;Nottinghamshire;;NO
Haughton;DN22;Nottinghamshire;;NO
Hawksworth;NG13;Nottinghamshire;;NO
Hawton;NG24;Nottinghamshire;;NO
Hayton;DN22;Nottinghamshire;;NO
Haywood Oaks;NG21;Nottinghamshire;;NO
Headon;DN22;Nottinghamshire;;NO
Hickling;LE14;Nottinghamshire;;NO
Highbury Vale;NG6;Nottinghamshire;;NO
Holbeck;S80;Nottinghamshire;;NO
Holme;NG23;Nottinghamshire;;NO
Holme Pierrepont;NG12;Nottinghamshire;;NO
Hoveringham;NG14;Nottinghamshire;;NO
Hucknall;NG15;Nottinghamshire;;NO
Huthwaite;NG17;Nottinghamshire;;NO
Kelham;NG23;Nottinghamshire;;NO
Kersall;NG22;Nottinghamshire;;NO
Keyworth;NG12;Nottinghamshire;;NO
Kilvington;NG13;Nottinghamshire;;NO
Kimberley;NG16;Nottinghamshire;;NO
Kingston on Soar;NG11;Nottinghamshire;;NO
Kinoulton;NG12;Nottinghamshire;;NO
Kirkby in Ashfield;NG17;Nottinghamshire;;NO
Kirklington;NG22;Nottinghamshire;;NO
Kirton;NG22;Nottinghamshire;;NO
Kneesall;NG22;Nottinghamshire;;NO
Kneeton;NG13;Nottinghamshire;;NO
Lambley;NG4;Nottinghamshire;;NO
Laneham;DN22;Nottinghamshire;;NO
Langar;NG13;Nottinghamshire;;NO
Langford;NG23;Nottinghamshire;;NO
Langold;S81;Nottinghamshire;;NO
Laxton;NG22;Nottinghamshire;;NO
Linby;NG15;Nottinghamshire;;NO
Little Carlton;NG23;Nottinghamshire;;NO
Littleborough;DN22;Nottinghamshire;;NO
Lound;DN22;Nottinghamshire;;NO
Lowdham;NG14;Nottinghamshire;;NO
Mansfield;NG18;Nottinghamshire;;NO
Mansfield Woodhouse;NG19;Nottinghamshire;;NO
Maplebeck;NG22;Nottinghamshire;;NO
Market Warsop;NG20;Nottinghamshire;;NO
Mattersey;DN10;Nottinghamshire;;NO
Meden Vale;NG20;Nottinghamshire;;NO
Milton;NG22;Nottinghamshire;;NO
Misson;DN10;Nottinghamshire;;NO
Misterton;DN10;Nottinghamshire;;NO
Moorgreen;NG16;Nottinghamshire;;NO
Moorhouse;NG23;Nottinghamshire;;NO
Morton;NG25;Nottinghamshire;;NO
N Leverton with Habblesthorpe;DN22;Nottinghamshire;;NO
Nether Headon;DN22;Nottinghamshire;;NO
Netherfield;NG4;Nottinghamshire;;NO
New Brinsley;NG16;Nottinghamshire;;NO
New Clipstone;NG21;Nottinghamshire;;NO
Newark-on-Trent;NG24;Nottinghamshire;;NO
Newstead;NG15;Nottinghamshire;;NO
Newton;NG13;Nottinghamshire;;NO
Normanton;NG25;Nottinghamshire;;NO
Normanton on Soar;LE12;Nottinghamshire;;NO
Normanton on Trent;NG23;Nottinghamshire;;NO
Normanton-on-the-Wolds;NG12;Nottinghamshire;;NO
North Carlton;S81;Nottinghamshire;;NO
North Clifton;NG23;Nottinghamshire;;NO
North Muskham;NG23;Nottinghamshire;;NO
Norton;NG20;Nottinghamshire;;NO
Norwell;NG23;Nottinghamshire;;NO
Norwell Woodhouse;NG23;Nottinghamshire;;NO
Nottingham;NG1;Nottinghamshire;;NO
Nottingham;NG7;Nottinghamshire;;NO
Nuthall;NG16;Nottinghamshire;;NO
Old Basford;NG6;Nottinghamshire;;NO
Oldcotes;S81;Nottinghamshire;;NO
Ollerton;NG22;Nottinghamshire;;NO
Ompton;NG22;Nottinghamshire;;NO
Ordsall;DN22;Nottinghamshire;;NO
Orston;NG13;Nottinghamshire;;NO
Ossington;NG23;Nottinghamshire;;NO
Owthorpe;NG12;Nottinghamshire;;NO
Oxton;NG25;Nottinghamshire;;NO
Papplewick;NG15;Nottinghamshire;;NO
Perlethorpe;NG22;Nottinghamshire;;NO
Plumtree;NG12;Nottinghamshire;;NO
Radcliffe on Trent;NG12;Nottinghamshire;;NO
Ragnall;NG22;Nottinghamshire;;NO
Rainworth;NG21;Nottinghamshire;;NO
Rampton;DN22;Nottinghamshire;;NO
Ranby;DN22;Nottinghamshire;;NO
Ranskill;DN22;Nottinghamshire;;NO
Ratcliffe on Soar;NG11;Nottinghamshire;;NO
Ravenshead;NG15;Nottinghamshire;;NO
Redhill;NG5;Nottinghamshire;;NO
Rempstone;LE12;Nottinghamshire;;NO
Retford;DN22;Nottinghamshire;;NO
Rhodesia;S80;Nottinghamshire;;NO
Rolleston;NG23;Nottinghamshire;;NO
Ruddington;NG11;Nottinghamshire;;NO
Saundby;DN22;Nottinghamshire;;NO
Saxondale;NG13;Nottinghamshire;;NO
Scaftworth;DN10;Nottinghamshire;;NO
Scarrington;NG13;Nottinghamshire;;NO
Scofton;S81;Nottinghamshire;;NO
Screveton;NG13;Nottinghamshire;;NO
Scrooby;DN10;Nottinghamshire;;NO
Selston;NG16;Nottinghamshire;;NO
Shelford;NG12;Nottinghamshire;;NO
Shelton;NG23;Nottinghamshire;;NO
Shireoaks;S81;Nottinghamshire;;NO
Sibthorpe;NG23;Nottinghamshire;;NO
Skegby;NG17;Nottinghamshire;;NO
South Clifton;NG23;Nottinghamshire;;NO
South Leverton;DN22;Nottinghamshire;;NO
South Muskham;NG23;Nottinghamshire;;NO
South Scarle;NG23;Nottinghamshire;;NO
Southwell;NG25;Nottinghamshire;;NO
Spalford;NG23;Nottinghamshire;;NO
Stanford on Soar;LE12;Nottinghamshire;;NO
Stanton Hill;NG17;Nottinghamshire;;NO
Stanton-on-the-Wolds;NG12;Nottinghamshire;;NO
Stapleford;NG9;Nottinghamshire;;NO
Staythorpe;NG23;Nottinghamshire;;NO
Stoke Bardolph;NG14;Nottinghamshire;;NO
Stokeham;DN22;Nottinghamshire;;NO
Sturton le Steeple;DN22;Nottinghamshire;;NO
Styrrup;DN11;Nottinghamshire;;NO
Sutton;DN22;Nottinghamshire;;NO
Sutton;NG13;Nottinghamshire;;NO
Sutton Bonington;LE12;Nottinghamshire;;NO
Sutton in Ashfield;NG17;Nottinghamshire;;NO
Sutton on Trent;NG23;Nottinghamshire;;NO
Syerston;NG23;Nottinghamshire;;NO
Teversal;NG17;Nottinghamshire;;NO
Thoresby;NG22;Nottinghamshire;;NO
Thorney;NG23;Nottinghamshire;;NO
Thoroton;NG13;Nottinghamshire;;NO
Thorpe;NG23;Nottinghamshire;;NO
Thrumpton;NG11;Nottinghamshire;;NO
Thurgarton;NG14;Nottinghamshire;;NO
Tithby;NG13;Nottinghamshire;;NO
Tollerton;NG12;Nottinghamshire;;NO
Torworth;DN22;Nottinghamshire;;NO
Toton;NG9;Nottinghamshire;;NO
Treswell;DN22;Nottinghamshire;;NO
Tuxford;NG22;Nottinghamshire;;NO
Underwood;NG16;Nottinghamshire;;NO
Upper Broughton;LE14;Nottinghamshire;;NO
Upton;DN22;Nottinghamshire;;NO
Upton;NG23;Nottinghamshire;;NO
Walesby;NG22;Nottinghamshire;;NO
Walkeringham;DN10;Nottinghamshire;;NO
Watnall;NG16;Nottinghamshire;;NO
Welbeck Abbey;S80;Nottinghamshire;;NO
Welham;DN22;Nottinghamshire;;NO
Wellow;NG22;Nottinghamshire;;NO
West Bridgford;NG2;Nottinghamshire;;NO
West Drayton;DN22;Nottinghamshire;;NO
West Leake;LE12;Nottinghamshire;;NO
West Markham;NG22;Nottinghamshire;;NO
West Stockwith;DN10;Nottinghamshire;;NO
Weston;NG23;Nottinghamshire;;NO
Whatton;NG13;Nottinghamshire;;NO
Widmerpool;NG12;Nottinghamshire;;NO
Wigsley;NG23;Nottinghamshire;;NO
Wigthorpe;S81;Nottinghamshire;;NO
Wilford;NG11;Nottinghamshire;;NO
Willoughby-on-the-Wolds;LE12;Nottinghamshire;;NO
Winkburn;NG22;Nottinghamshire;;NO
Winthorpe;NG24;Nottinghamshire;;NO
Wiseton;DN10;Nottinghamshire;;NO
Woodbeck;DN22;Nottinghamshire;;NO
Woodborough;NG14;Nottinghamshire;;NO
Woodthorpe;NG5;Nottinghamshire;;NO
Worksop;S80;Nottinghamshire;;NO
Wysall;NG12;Nottinghamshire;;NO
Abingdon;OX14;Oxfordshire;;OX
Adderbury;OX17;Oxfordshire;;OX
Adwell;OX9;Oxfordshire;;OX
Alkerton;OX15;Oxfordshire;;OX
Alvescot;OX18;Oxfordshire;;OX
Ambrosden;OX6;Oxfordshire;;OX
Appleford;OX14;Oxfordshire;;OX
Appleton;OX13;Oxfordshire;;OX
Ardington;OX12;Oxfordshire;;OX
Ardley;OX6;Oxfordshire;;OX
Ascott-under-Wychwood;OX7;Oxfordshire;;OX
Ashbury;SN6;Oxfordshire;;OX
Asthall;OX18;Oxfordshire;;OX
Asthall Leigh;OX8;Oxfordshire;;OX
Aston;OX18;Oxfordshire;;OX
Aston Rowant;OX9;Oxfordshire;;OX
Aston Tirrold;OX11;Oxfordshire;;OX
Aston Upthorpe;OX11;Oxfordshire;;OX
Balscote;OX15;Oxfordshire;;OX
Bampton;OX18;Oxfordshire;;OX
Banbury;OX16;Oxfordshire;;OX
Barford St John;OX15;Oxfordshire;;OX
Barford St Michael;OX15;Oxfordshire;;OX
Baulking;SN7;Oxfordshire;;OX
Baynards Green;OX6;Oxfordshire;;OX
Beckley;OX3;Oxfordshire;;OX
Begbroke;OX5;Oxfordshire;;OX
Benson;OX10;Oxfordshire;;OX
Berinsfield;OX10;Oxfordshire;;OX
Berrick Salome;OX10;Oxfordshire;;OX
Bessels Leigh;OX13;Oxfordshire;;OX
Bicester;OX6;Oxfordshire;;OX
Binfield Heath;RG9;Oxfordshire;;OX
Bix;RG9;Oxfordshire;;OX
Black Bourton;OX18;Oxfordshire;;OX
Blackthorn;OX6;Oxfordshire;;OX
Bladon;OX20;Oxfordshire;;OX
Bletchingdon;OX5;Oxfordshire;;OX
Blewbury;OX11;Oxfordshire;;OX
Bloxham;OX15;Oxfordshire;;OX
Boars Hill;OX1;Oxfordshire;;OX
Bodicote;OX15;Oxfordshire;;OX
Botley;OX2;Oxfordshire;;OX
Bourton;SN6;Oxfordshire;;OX
Brighthampton;OX8;Oxfordshire;;OX
Brightwell;OX10;Oxfordshire;;OX
Brightwell Baldwin;OX9;Oxfordshire;;OX
Britwell Salome;OX9;Oxfordshire;;OX
Brize Norton;OX18;Oxfordshire;;OX
Broadwell;GL7;Oxfordshire;;OX
Broughton;OX15;Oxfordshire;;OX
Broughton Poggs;GL7;Oxfordshire;;OX
Buckland;SN7;Oxfordshire;;OX
Bucknell;OX6;Oxfordshire;;OX
Burcot;OX14;Oxfordshire;;OX
Burford;OX18;Oxfordshire;;OX
Buscot;SN7;Oxfordshire;;OX
Cane End;RG4;Oxfordshire;;OX
Carswell Marsh;SN7;Oxfordshire;;OX
Carterton;OX18;Oxfordshire;;OX
Cassington;OX8;Oxfordshire;;OX
Caulcott;OX6;Oxfordshire;;OX
Caversfield;OX6;Oxfordshire;;OX
Chadlington;OX7;Oxfordshire;;OX
Chalgrove;OX44;Oxfordshire;;OX
Charlbury;OX7;Oxfordshire;;OX
Charlton;OX12;Oxfordshire;;OX
Charlton-on-Otmoor;OX5;Oxfordshire;;OX
Charney Bassett;OX12;Oxfordshire;;OX
Charterville Allotments;OX8;Oxfordshire;;OX
Chastleton;GL56;Oxfordshire;;OX
Chawley;OX2;Oxfordshire;;OX
Checkendon;RG8;Oxfordshire;;OX
Chesterton;OX6;Oxfordshire;;OX
Childrey;OX12;Oxfordshire;;OX
Chilson;OX7;Oxfordshire;;OX
Chilton;OX11;Oxfordshire;;OX
Chimney;OX18;Oxfordshire;;OX
Chinnor;OX9;Oxfordshire;;OX
Chipping Norton;OX7;Oxfordshire;;OX
Chislehampton;OX44;Oxfordshire;;OX
Cholsey;OX10;Oxfordshire;;OX
Christmas Common;OX9;Oxfordshire;;OX
Church Enstone;OX7;Oxfordshire;;OX
Church Hanborough;OX8;Oxfordshire;;OX
Churchill;OX7;Oxfordshire;;OX
Clanfield;OX18;Oxfordshire;;OX
Claydon;OX17;Oxfordshire;;OX
Cleeve;RG8;Oxfordshire;;OX
Clifton;OX15;Oxfordshire;;OX
Clifton Hampden;OX14;Oxfordshire;;OX
Coleshill;SN6;Oxfordshire;;OX
Combe;OX8;Oxfordshire;;OX
Compton Beauchamp;SN6;Oxfordshire;;OX
Cookley Green;RG9;Oxfordshire;;OX
Cornwell;OX7;Oxfordshire;;OX
Cote;OX18;Oxfordshire;;OX
Cothill;OX13;Oxfordshire;;OX
Cottisford;NN13;Oxfordshire;;OX
Cowley;OX4;Oxfordshire;;OX
Crawley;OX8;Oxfordshire;;OX
Cray's Pond;RG8;Oxfordshire;;OX
Cropredy;OX17;Oxfordshire;;OX
Crowmarsh Gifford;OX10;Oxfordshire;;OX
Cuddesdon;OX44;Oxfordshire;;OX
Culham;OX14;Oxfordshire;;OX
Cumnor;OX2;Oxfordshire;;OX
Curbridge;OX8;Oxfordshire;;OX
Cuxham;OX9;Oxfordshire;;OX
Dean;OX7;Oxfordshire;;OX
Deddington;OX15;Oxfordshire;;OX
Denchworth;OX12;Oxfordshire;;OX
Denton;OX44;Oxfordshire;;OX
Didcot;OX11;Oxfordshire;;OX
Ditchley;OX8;Oxfordshire;;OX
Dorchester;OX10;Oxfordshire;;OX
Drayton;OX14;Oxfordshire;;OX
Drayton;OX15;Oxfordshire;;OX
Drayton St Leonard;OX10;Oxfordshire;;OX
Dry Sandford;OX13;Oxfordshire;;OX
Ducklington;OX8;Oxfordshire;;OX
Duns Tew;OX6;Oxfordshire;;OX
Dunsden Green;RG4;Oxfordshire;;OX
Easington;OX9;Oxfordshire;;OX
East Challow;OX12;Oxfordshire;;OX
East End;OX8;Oxfordshire;;OX
East Ginge;OX12;Oxfordshire;;OX
East Hagbourne;OX11;Oxfordshire;;OX
East Hanney;OX12;Oxfordshire;;OX
East Hendred;OX12;Oxfordshire;;OX
Eastend;OX7;Oxfordshire;;OX
Eaton;OX13;Oxfordshire;;OX
Eaton Hastings;SN7;Oxfordshire;;OX
Elsfield;OX3;Oxfordshire;;OX
Emmington;OX9;Oxfordshire;;OX
Enstone;OX7;Oxfordshire;;OX
Epwell;OX15;Oxfordshire;;OX
Ewelme;OX10;Oxfordshire;;OX
Exlade Street;RG8;Oxfordshire;;OX
Eynsham;OX8;Oxfordshire;;OX
Faringdon;SN7;Oxfordshire;;OX
Farmoor;OX2;Oxfordshire;;OX
Fawler;OX7;Oxfordshire;;OX
Fencott;OX5;Oxfordshire;;OX
Fernham;SN7;Oxfordshire;;OX
Fewcott;OX6;Oxfordshire;;OX
Fifield;OX7;Oxfordshire;;OX
Filkins;GL7;Oxfordshire;;OX
Finmere;MK18;Oxfordshire;;OX
Finstock;OX7;Oxfordshire;;OX
Fordwells;OX8;Oxfordshire;;OX
Forest Hill;OX33;Oxfordshire;;OX
Freeland;OX8;Oxfordshire;;OX
Frilford;OX13;Oxfordshire;;OX
Fringford;OX6;Oxfordshire;;OX
Fritwell;OX6;Oxfordshire;;OX
Fulbrook;OX18;Oxfordshire;;OX
Fulwell;OX7;Oxfordshire;;OX
Fyfield;OX13;Oxfordshire;;OX
Gagingwell;OX7;Oxfordshire;;OX
Gallowstree Common;RG4;Oxfordshire;;OX
Garford;OX13;Oxfordshire;;OX
Garsington;OX44;Oxfordshire;;OX
Glympton;OX20;Oxfordshire;;OX
Goosey;SN7;Oxfordshire;;OX
Goring;RG8;Oxfordshire;;OX
Grafton;OX18;Oxfordshire;;OX
Great Bourton;OX17;Oxfordshire;;OX
Great Coxwell;SN7;Oxfordshire;;OX
Great Haseley;OX44;Oxfordshire;;OX
Great Milton;OX44;Oxfordshire;;OX
Great Rollright;OX7;Oxfordshire;;OX
Great Tew;OX7;Oxfordshire;;OX
Greenfield;RG9;Oxfordshire;;OX
Greys Green;RG9;Oxfordshire;;OX
Grimsbury;OX16;Oxfordshire;;OX
Grove;OX12;Oxfordshire;;OX
Hailey;OX10;Oxfordshire;;OX
Hailey;OX8;Oxfordshire;;OX
Hampton Poyle;OX5;Oxfordshire;;OX
Hanwell;OX17;Oxfordshire;;OX
Hardwick;OX6;Oxfordshire;;OX
Hardwick;OX8;Oxfordshire;;OX
Harpsden;RG9;Oxfordshire;;OX
Harwell;OX11;Oxfordshire;;OX
Hatford;SN7;Oxfordshire;;OX
Headington;OX3;Oxfordshire;;OX
Hempton;OX15;Oxfordshire;;OX
Henley-on-Thames;RG9;Oxfordshire;;OX
Henton;OX9;Oxfordshire;;OX
Hethe;OX6;Oxfordshire;;OX
Heythrop;OX7;Oxfordshire;;OX
High Cogges;OX8;Oxfordshire;;OX
Highmoor Cross;RG9;Oxfordshire;;OX
Hinton Waldrist;SN7;Oxfordshire;;OX
Holton;OX33;Oxfordshire;;OX
Holwell;OX18;Oxfordshire;;OX
Hook Norton;OX15;Oxfordshire;;OX
Hopcrofts Holt;OX6;Oxfordshire;;OX
Horley;OX15;Oxfordshire;;OX
Hornton;OX15;Oxfordshire;;OX
Horspath;OX33;Oxfordshire;;OX
Horton-cum-Studley;OX33;Oxfordshire;;OX
Idbury;OX7;Oxfordshire;;OX
Idstone;SN6;Oxfordshire;;OX
Iffley;OX4;Oxfordshire;;OX
Ipsden;OX10;Oxfordshire;;OX
Islip;OX5;Oxfordshire;;OX
Kelmscott;GL7;Oxfordshire;;OX
Kencott;GL7;Oxfordshire;;OX
Kennington;OX1;Oxfordshire;;OX
Kiddington;OX20;Oxfordshire;;OX
Kidlington;OX5;Oxfordshire;;OX
Kidmore End;RG4;Oxfordshire;;OX
Kingham;OX7;Oxfordshire;;OX
Kingston Bagpuize;OX13;Oxfordshire;;OX
Kingston Blount;OX9;Oxfordshire;;OX
Kingston Lisle;OX12;Oxfordshire;;OX
Kirtlington;OX5;Oxfordshire;;OX
Langford;GL7;Oxfordshire;;OX
Launton;OX6;Oxfordshire;;OX
Leafield;OX8;Oxfordshire;;OX
Ledwell;OX7;Oxfordshire;;OX
Letcombe Bassett;OX12;Oxfordshire;;OX
Letcombe Regis;OX12;Oxfordshire;;OX
Lew;OX18;Oxfordshire;;OX
Lewknor;OX9;Oxfordshire;;OX
Lidstone;OX7;Oxfordshire;;OX
Little Coxwell;SN7;Oxfordshire;;OX
Little Faringdon;GL7;Oxfordshire;;OX
Little Haseley;OX44;Oxfordshire;;OX
Little Milton;OX44;Oxfordshire;;OX
Little Tew;OX7;Oxfordshire;;OX
Little Wittenham;OX14;Oxfordshire;;OX
Littlemore;OX4;Oxfordshire;;OX
Littleworth;SN7;Oxfordshire;;OX
Long Hanborough;OX8;Oxfordshire;;OX
Long Wittenham;OX14;Oxfordshire;;OX
Longcot;SN7;Oxfordshire;;OX
Longworth;OX13;Oxfordshire;;OX
Lower Assendon;RG9;Oxfordshire;;OX
Lower Heyford;OX6;Oxfordshire;;OX
Lower Shiplake;RG9;Oxfordshire;;OX
Lyford;OX12;Oxfordshire;;OX
Lyneham;OX7;Oxfordshire;;OX
Marcham;OX13;Oxfordshire;;OX
Marsh Baldon;OX44;Oxfordshire;;OX
Marston;OX3;Oxfordshire;;OX
Merton;OX6;Oxfordshire;;OX
Middle Assendon;RG9;Oxfordshire;;OX
Middle Aston;OX6;Oxfordshire;;OX
Middle Barton;OX7;Oxfordshire;;OX
Middleton Stoney;OX6;Oxfordshire;;OX
Milcombe;OX15;Oxfordshire;;OX
Milton;OX14;Oxfordshire;;OX
Milton;OX15;Oxfordshire;;OX
Milton Hill;OX13;Oxfordshire;;OX
Milton-under-Wychwood;OX7;Oxfordshire;;OX
Minster Lovell;OX8;Oxfordshire;;OX
Mixbury;NN13;Oxfordshire;;OX
Mollington;OX17;Oxfordshire;;OX
Moreton;OX9;Oxfordshire;;OX
Moulsford;OX10;Oxfordshire;;OX
Murcott;OX5;Oxfordshire;;OX
Nether Worton;OX7;Oxfordshire;;OX
Nethercott;OX5;Oxfordshire;;OX
Netherton;OX13;Oxfordshire;;OX
Nettlebed;RG9;Oxfordshire;;OX
New Yatt;OX8;Oxfordshire;;OX
Newbridge;OX8;Oxfordshire;;OX
Newington;OX10;Oxfordshire;;OX
Newton Purcell;MK18;Oxfordshire;;OX
Noke;OX3;Oxfordshire;;OX
North Aston;OX6;Oxfordshire;;OX
North Hinksey;OX2;Oxfordshire;;OX
North Leigh;OX8;Oxfordshire;;OX
North Moreton;OX11;Oxfordshire;;OX
North Newington;OX15;Oxfordshire;;OX
North Stoke;OX10;Oxfordshire;;OX
Northbrook;OX6;Oxfordshire;;OX
Northmoor;OX8;Oxfordshire;;OX
Nuffield;RG9;Oxfordshire;;OX
Nuneham Courtenay;OX44;Oxfordshire;;OX
Oddington;OX5;Oxfordshire;;OX
Osney;OX2;Oxfordshire;;OX
Over Kiddington;OX20;Oxfordshire;;OX
Over Norton;OX7;Oxfordshire;;OX
Over Worton;OX7;Oxfordshire;;OX
Oxford;OX1;Oxfordshire;;OX
Park Corner;RG9;Oxfordshire;;OX
Piddington;OX6;Oxfordshire;;OX
Pishill;RG9;Oxfordshire;;OX
Play Hatch;RG4;Oxfordshire;;OX
Poffley End;OX8;Oxfordshire;;OX
Postcombe;OX9;Oxfordshire;;OX
Pusey;SN7;Oxfordshire;;OX
Pyrton;OX9;Oxfordshire;;OX
Radcot;OX18;Oxfordshire;;OX
Radford;OX7;Oxfordshire;;OX
Radley;OX14;Oxfordshire;;OX
Ramsden;OX7;Oxfordshire;;OX
Rotherfield Greys;RG9;Oxfordshire;;OX
Rotherfield Peppard;RG9;Oxfordshire;;OX
Rousham;OX6;Oxfordshire;;OX
Rousham Gap;OX6;Oxfordshire;;OX
Rowstock;OX11;Oxfordshire;;OX
Russell's Water;RG9;Oxfordshire;;OX
Salford;OX7;Oxfordshire;;OX
Sandford St Martin;OX7;Oxfordshire;;OX
Sandford-on-Thames;OX4;Oxfordshire;;OX
Sandleigh;OX13;Oxfordshire;;OX
Sarsden;OX7;Oxfordshire;;OX
Shellingford;SN7;Oxfordshire;;OX
Shenington;OX15;Oxfordshire;;OX
Shepherd's Green;RG9;Oxfordshire;;OX
Shifford;OX8;Oxfordshire;;OX
Shillingford;OX10;Oxfordshire;;OX
Shilton;OX18;Oxfordshire;;OX
Shiplake;RG9;Oxfordshire;;OX
Shippon;OX13;Oxfordshire;;OX
Shipton-on-Cherwell;OX5;Oxfordshire;;OX
Shipton-under-Wychwood;OX7;Oxfordshire;;OX
Shirburn;OX9;Oxfordshire;;OX
Shrivenham;SN6;Oxfordshire;;OX
Shutford;OX15;Oxfordshire;;OX
Sibford Ferris;OX15;Oxfordshire;;OX
Sibford Gower;OX15;Oxfordshire;;OX
Somerton;OX6;Oxfordshire;;OX
Sonning Common;RG4;Oxfordshire;;OX
Sonning Eye;RG4;Oxfordshire;;OX
Souldern;OX6;Oxfordshire;;OX
South Hinksey;OX1;Oxfordshire;;OX
South Leigh;OX8;Oxfordshire;;OX
South Moreton;OX11;Oxfordshire;;OX
South Newington;OX15;Oxfordshire;;OX
South Stoke;RG8;Oxfordshire;;OX
South Weston;OX9;Oxfordshire;;OX
Sparsholt;OX12;Oxfordshire;;OX
Spelsbury;OX7;Oxfordshire;;OX
Stadhampton;OX44;Oxfordshire;;OX
Standlake;OX8;Oxfordshire;;OX
Stanford in the Vale;SN7;Oxfordshire;;OX
Stanton Harcourt;OX8;Oxfordshire;;OX
Stanton St John;OX33;Oxfordshire;;OX
Steeple Aston;OX6;Oxfordshire;;OX
Steeple Barton;OX6;Oxfordshire;;OX
Steventon;OX13;Oxfordshire;;OX
Stoke Lyne;OX6;Oxfordshire;;OX
Stoke Row;RG9;Oxfordshire;;OX
Stoke Talmage;OX9;Oxfordshire;;OX
Stonesfield;OX8;Oxfordshire;;OX
Stonor;RG9;Oxfordshire;;OX
Stratton Audley;OX6;Oxfordshire;;OX
Summertown;OX2;Oxfordshire;;OX
Sunningwell;OX13;Oxfordshire;;OX
Sunnymead;OX2;Oxfordshire;;OX
Sutton;OX8;Oxfordshire;;OX
Sutton Courtenay;OX14;Oxfordshire;;OX
Sutton Wick;OX14;Oxfordshire;;OX
Swalcliffe;OX15;Oxfordshire;;OX
Swerford;OX7;Oxfordshire;;OX
Swinbrook;OX18;Oxfordshire;;OX
Swinford;OX8;Oxfordshire;;OX
Sydenham;OX9;Oxfordshire;;OX
Tackley;OX5;Oxfordshire;;OX
Tadmarton;OX15;Oxfordshire;;OX
Taston;OX7;Oxfordshire;;OX
Taynton;OX18;Oxfordshire;;OX
Tetsworth;OX9;Oxfordshire;;OX
Thame;OX9;Oxfordshire;;OX
Thrupp;OX5;Oxfordshire;;OX
Tiddington;OX9;Oxfordshire;;OX
Tokers Green;RG4;Oxfordshire;;OX
Toot Baldon;OX44;Oxfordshire;;OX
Towersey;OX9;Oxfordshire;;OX
Tubney;OX13;Oxfordshire;;OX
Twyford;OX17;Oxfordshire;;OX
Uffington;SN7;Oxfordshire;;OX
Upper Arncott;OX6;Oxfordshire;;OX
Upper Heyford;OX6;Oxfordshire;;OX
Upper Wardington;OX17;Oxfordshire;;OX
Upton;OX11;Oxfordshire;;OX
Wallingford;OX10;Oxfordshire;;OX
Wantage;OX12;Oxfordshire;;OX
Warborough;OX10;Oxfordshire;;OX
Wardington;OX17;Oxfordshire;;OX
Watchfield;SN6;Oxfordshire;;OX
Water Eaton;OX5;Oxfordshire;;OX
Waterperry;OX33;Oxfordshire;;OX
Waterstock;OX33;Oxfordshire;;OX
Watlington;OX9;Oxfordshire;;OX
Weald;OX18;Oxfordshire;;OX
Wendlebury;OX6;Oxfordshire;;OX
West Challow;OX12;Oxfordshire;;OX
West End;OX8;Oxfordshire;;OX
West Ginge;OX12;Oxfordshire;;OX
West Hagbourne;OX11;Oxfordshire;;OX
West Hanney;OX12;Oxfordshire;;OX
West Hendred;OX12;Oxfordshire;;OX
West Lockinge;OX12;Oxfordshire;;OX
Westcott Barton;OX7;Oxfordshire;;OX
Weston-on-the-Green;OX6;Oxfordshire;;OX
Westwell;OX18;Oxfordshire;;OX
Wheatley;OX33;Oxfordshire;;OX
Whitchurch;RG8;Oxfordshire;;OX
Whitchurch Hill;RG8;Oxfordshire;;OX
Wigginton;OX15;Oxfordshire;;OX
Williamscot;OX17;Oxfordshire;;OX
Witney;OX8;Oxfordshire;;OX
Wolvercote;OX2;Oxfordshire;;OX
Woodcote;RG8;Oxfordshire;;OX
Woodeaton;OX3;Oxfordshire;;OX
Woodstock;OX20;Oxfordshire;;OX
Woolstone;SN7;Oxfordshire;;OX
Wootton;OX1;Oxfordshire;;OX
Wootton;OX20;Oxfordshire;;OX
Wroxton;OX15;Oxfordshire;;OX
Wytham;OX2;Oxfordshire;;OX
Yarnton;OX5;Oxfordshire;;OX
Yelford;OX8;Oxfordshire;;OX
Abinger Common;RH5;Surrey;;SU
Abinger Hammer;RH5;Surrey;;SU
Addlestone;KT15;Surrey;;SU
Albury;GU5;Surrey;;SU
Albury Heath;GU5;Surrey;;SU
Alfold;GU6;Surrey;;SU
Alfold Crossways;GU6;Surrey;;SU
Ash;GU12;Surrey;;SU
Ash Vale;GU12;Surrey;;SU
Ashford;TW15;Surrey;;SU
Ashtead;KT21;Surrey;;SU
Badshot Lea;GU9;Surrey;;SU
Bagshot;GU19;Surrey;;SU
Banstead;SM7;Surrey;;SU
Batt's Corner;GU10;Surrey;;SU
Beacon Hill;GU26;Surrey;;SU
Beare Green;RH5;Surrey;;SU
Betchworth;RH3;Surrey;;SU
Bisley;GU24;Surrey;;SU
Blackheath;GU4;Surrey;;SU
Bletchingley;RH1;Surrey;;SU
Blindley Heath;RH7;Surrey;;SU
Bowlhead Green;GU8;Surrey;;SU
Bramley;GU5;Surrey;;SU
Brockham;RH3;Surrey;;SU
Brook;GU8;Surrey;;SU
Brookwood;GU24;Surrey;;SU
Buckland;RH3;Surrey;;SU
Burgh Heath;KT20;Surrey;;SU
Burpham;GU1;Surrey;;SU
Burrowhill;GU24;Surrey;;SU
Burstow;RH6;Surrey;;SU
Busbridge;GU7;Surrey;;SU
Byfleet;KT14;Surrey;;SU
Camberley;GU15;Surrey;;SU
Camelsdale;GU27;Surrey;;SU
Capel;RH5;Surrey;;SU
Caterham;CR3;Surrey;;SU
Chaldon;CR3;Surrey;;SU
Charleshill;GU10;Surrey;;SU
Charlwood;RH6;Surrey;;SU
Chelsham;CR6;Surrey;;SU
Chertsey;KT16;Surrey;;SU
Chiddingfold;GU8;Surrey;;SU
Chilworth;GU4;Surrey;;SU
Chipstead;CR5;Surrey;;SU
Chobham;GU24;Surrey;;SU
Churt;GU10;Surrey;;SU
Claygate;KT10;Surrey;;SU
Cobham;KT11;Surrey;;SU
Coldharbour;RH5;Surrey;;SU
Compton;GU3;Surrey;;SU
Cooper's Hill;TW20;Surrey;;SU
Copthorne;RH10;Surrey;;SU
Cranleigh;GU6;Surrey;;SU
Crowhurst;RH7;Surrey;;SU
Deepcut;GU16;Surrey;;SU
Dippenhall;GU10;Surrey;;SU
Donkey Town;GU24;Surrey;;SU
Dorking;RH4;Surrey;;SU
Dormans Park;RH19;Surrey;;SU
Dormansland;RH7;Surrey;;SU
Doversgreen;RH2;Surrey;;SU
Downside;KT11;Surrey;;SU
Dunsfold;GU8;Surrey;;SU
Eashing;GU7;Surrey;;SU
East Clandon;GU4;Surrey;;SU
East Horsley;KT24;Surrey;;SU
East Molesey;KT8;Surrey;;SU
Effingham;KT24;Surrey;;SU
Egham;TW20;Surrey;;SU
Ellen's Green;RH12;Surrey;;SU
Elstead;GU8;Surrey;;SU
Englefield Green;TW20;Surrey;;SU
Epsom;KT17;Surrey;;SU
Esher;KT10;Surrey;;SU
Ewell;KT17;Surrey;;SU
Ewhurst;GU6;Surrey;;SU
Ewhurst Green;GU6;Surrey;;SU
Farleigh;CR6;Surrey;;SU
Farley Green;GU5;Surrey;;SU
Farncombe;GU7;Surrey;;SU
Farnham;GU9;Surrey;;SU
Felbridge;RH19;Surrey;;SU
Felcourt;RH19;Surrey;;SU
Fetcham;KT23;Surrey;;SU
Flexford;GU3;Surrey;;SU
Forest Green;RH5;Surrey;;SU
Frensham;GU10;Surrey;;SU
Friday Street;RH5;Surrey;;SU
Frimley;GU16;Surrey;;SU
Frimley Green;GU16;Surrey;;SU
Givons Grove;KT22;Surrey;;SU
Godalming;GU7;Surrey;;SU
Godstone;RH9;Surrey;;SU
Gomshall;GU5;Surrey;;SU
Grafham;GU5;Surrey;;SU
Grayswood;GU27;Surrey;;SU
Great Bookham;KT23;Surrey;;SU
Guildford;GU1;Surrey;;SU
Hale;GU9;Surrey;;SU
Hambledon;GU8;Surrey;;SU
Hascombe;GU8;Surrey;;SU
Haslemere;GU27;Surrey;;SU
Haxted;TN8;Surrey;;SU
Headley;KT18;Surrey;;SU
Heath End;GU9;Surrey;;SU
Henley Park;GU3;Surrey;;SU
Hersham;KT12;Surrey;;SU
Hindhead;GU26;Surrey;;SU
Holland;RH8;Surrey;;SU
Holmbury St Mary;RH5;Surrey;;SU
Hookwood;RH6;Surrey;;SU
Hooley;CR5;Surrey;;SU
Horley;RH6;Surrey;;SU
Horne;RH6;Surrey;;SU
Horsell;GU21;Surrey;;SU
Hurst Green;RH8;Surrey;;SU
Hurtmore;GU7;Surrey;;SU
Hydestile;GU8;Surrey;;SU
Jayes Park;RH5;Surrey;;SU
Kingswood;KT20;Surrey;;SU
Knaphill;GU21;Surrey;;SU
Laleham;TW18;Surrey;;SU
Leatherhead;KT22;Surrey;;SU
Leigh;RH2;Surrey;;SU
Lightwater;GU18;Surrey;;SU
Limpsfield;RH8;Surrey;;SU
Lingfield;RH7;Surrey;;SU
Little Bookham;KT23;Surrey;;SU
Littleton;TW17;Surrey;;SU
Long Ditton;KT10;Surrey;;SU
Longcross;KT16;Surrey;;SU
Lower Bourne;GU9;Surrey;;SU
Loxhill;GU8;Surrey;;SU
Lyne;KT16;Surrey;;SU
Lythe Hill;GU27;Surrey;;SU
Martyr's Green;KT11;Surrey;;SU
Mayford;GU22;Surrey;;SU
Merrow;GU1;Surrey;;SU
Merstham;RH1;Surrey;;SU
Mickleham;RH5;Surrey;;SU
Milford;GU8;Surrey;;SU
Millbridge;GU10;Surrey;;SU
Mytchett;GU16;Surrey;;SU
New Haw;KT15;Surrey;;SU
Newchapel;RH7;Surrey;;SU
Newdigate;RH5;Surrey;;SU
Newland's Corner;GU4;Surrey;;SU
Normandy;GU3;Surrey;;SU
North Holmwood;RH5;Surrey;;SU
Norwood Hill;RH6;Surrey;;SU
Nutfield;RH1;Surrey;;SU
Oakwoodhill;RH5;Surrey;;SU
Ockham;GU23;Surrey;;SU
Ockley;RH5;Surrey;;SU
Old Woking;GU22;Surrey;;SU
Onslow Village;GU2;Surrey;;SU
Ottershaw;KT16;Surrey;;SU
Outwood;RH1;Surrey;;SU
Oxshott;KT22;Surrey;;SU
Oxted;RH8;Surrey;;SU
Parkgate;RH5;Surrey;;SU
Peaslake;GU5;Surrey;;SU
Pebble Coombe;KT20;Surrey;;SU
Peper Harow;GU8;Surrey;;SU
Pirbright;GU24;Surrey;;SU
Pitch Place;GU3;Surrey;;SU
Puttenham;GU3;Surrey;;SU
Pyrford;GU22;Surrey;;SU
Ramsnest Common;GU8;Surrey;;SU
Redhill;RH1;Surrey;;SU
Reigate;RH2;Surrey;;SU
Ridge Green;RH1;Surrey;;SU
Ripley;GU23;Surrey;;SU
Row Town;KT15;Surrey;;SU
Rowledge;GU10;Surrey;;SU
Rowly;GU5;Surrey;;SU
Runfold;GU9;Surrey;;SU
Rushmoor;GU10;Surrey;;SU
Salfords;RH1;Surrey;;SU
Sandhills;GU8;Surrey;;SU
Seale;GU10;Surrey;;SU
Send;GU23;Surrey;;SU
Send Marsh;GU23;Surrey;;SU
Shackleford;GU8;Surrey;;SU
Shalford;GU4;Surrey;;SU
Shamley Green;GU5;Surrey;;SU
Shepperton;TW17;Surrey;;SU
Shere;GU5;Surrey;;SU
Shipley Bridge;RH6;Surrey;;SU
Shottermill;GU27;Surrey;;SU
Sidlowbridge;RH2;Surrey;;SU
Smallfield;RH6;Surrey;;SU
South Godstone;RH9;Surrey;;SU
South Holmwood;RH5;Surrey;;SU
South Nutfield;RH1;Surrey;;SU
South Park;RH2;Surrey;;SU
Spreakley;GU10;Surrey;;SU
St John's;GU21;Surrey;;SU
Staines;TW18;Surrey;;SU
Stanwell;TW19;Surrey;;SU
Stanwell Moor;TW19;Surrey;;SU
Stoke D'Abernon;KT11;Surrey;;SU
Stoughton;GU2;Surrey;;SU
Stroud Common;GU5;Surrey;;SU
Sunbury;TW16;Surrey;;SU
Sutton;RH5;Surrey;;SU
Sutton Green;GU4;Surrey;;SU
Tadworth;KT20;Surrey;;SU
Tandridge;RH8;Surrey;;SU
Tatsfield;TN16;Surrey;;SU
Thames Ditton;KT7;Surrey;;SU
The Bourne;GU9;Surrey;;SU
The Hermitage;KT20;Surrey;;SU
The Sands;GU10;Surrey;;SU
Thorncombe Street;GU8;Surrey;;SU
Thorpe;TW20;Surrey;;SU
Thursley;GU8;Surrey;;SU
Tilford;GU10;Surrey;;SU
Titsey;RH8;Surrey;;SU
Tongham;GU10;Surrey;;SU
Upper Halliford;TW17;Surrey;;SU
Virginia Water;GU25;Surrey;;SU
Walliswood;RH5;Surrey;;SU
Walton on the Hill;KT20;Surrey;;SU
Walton-on-Thames;KT12;Surrey;;SU
Wanborough;GU3;Surrey;;SU
Warlingham;CR6;Surrey;;SU
West Byfleet;KT14;Surrey;;SU
West Clandon;GU4;Surrey;;SU
West End;GU24;Surrey;;SU
West End;KT10;Surrey;;SU
West Horsley;KT24;Surrey;;SU
West Molesey;KT8;Surrey;;SU
Westcott;RH4;Surrey;;SU
Westhumble;RH5;Surrey;;SU
Weston Green;KT10;Surrey;;SU
Weybridge;KT13;Surrey;;SU
Wheelerstreet;GU8;Surrey;;SU
Whiteley Village;KT12;Surrey;;SU
Whyteleafe;CR3;Surrey;;SU
Windlesham;GU20;Surrey;;SU
Wisley;GU23;Surrey;;SU
Witley;GU8;Surrey;;SU
Woking;GU22;Surrey;;SU
Woldingham;CR3;Surrey;;SU
Wonersh;GU5;Surrey;;SU
Wood Street;GU3;Surrey;;SU
Woodham;KT15;Surrey;;SU
Woodmansterne;SM7;Surrey;;SU
Wormley;GU8;Surrey;;SU
Worplesdon;GU3;Surrey;;SU
Wotton;RH5;Surrey;;SU
Wrecclesham;GU9;Surrey;;SU
Acaster Malbis;YO23;York;;YO
Acomb;YO2;York;;YO
Askham Bryan;YO23;York;;YO
Askham Richard;YO23;York;;YO
Bishopthorpe;YO2;York;;YO
Copmanthorpe;YO2;York;;YO
Crockey Hill;YO19;York;;YO
Deighton;YO19;York;;YO
Dunnington;YO1;York;;YO
Earswick;YO32;York;;YO
Elvington;YO4;York;;YO
Fulford;YO1;York;;YO
Haxby;YO32;York;;YO
Heslington;YO1;York;;YO
Hessay;YO5;York;;YO
Holtby;YO19;York;;YO
Huntington;YO32;York;;YO
Kexby;YO41;York;;YO
Knapton;YO26;York;;YO
Murton;YO1;York;;YO
Naburn;YO1;York;;YO
Nether Poppleton;YO2;York;;YO
New Earswick;YO3;York;;YO
Osbaldwick;YO1;York;;YO
Rawcliffe;YO3;York;;YO
Rufforth;YO23;York;;YO
Skelton;YO3;York;;YO
Stockton on the Forest;YO32;York;;YO
Strensall;YO32;York;;YO
Towthorpe;YO32;York;;YO
Upper Poppleton;YO2;York;;YO
Wheldrake;YO19;York;;YO
Wiggington;YO3;York;;YO
York;YO1;York;;YO